series,year,driver_name,driver_code,team_name,n_races,total_points,avg_points,avg_finish,best_finish,worst_finish,wins,win_rate,podiums,podium_rate,points_finishes,points_rate,top10_finishes,top10_rate,total_laps,avg_kph,finish_std,points_std,dnf_count,dnf_rate,avg_best_lap_s,first_f1_year,f1_entry
F2,2017,A  Albon,ALB,ART Grand Prix,10,67.0,6.7,7.7,2,18,0,0.0,2,0.2,9.0,0.9,9,0.9,245.0,177.76600000000002,4.498147766951785,6.4299645756757045,0.0,0.0,97.6208,2005.0,False
F2,2017,R  Binder,BIN,Rapax,1,0.0,0.0,17.0,17,17,0,0.0,0,0.0,0.0,0.0,0,0.0,28.0,169.58,,,0.0,0.0,89.032,,False
F2,2017,R  Boschung,BOS,Campos Racing,10,2.0,0.2,16.2,9,19,0,0.0,0,0.0,1.0,0.1,1,0.1,195.0,174.4635,3.457680661303984,0.6324555320336759,5.0,0.5,98.3791,,False
F2,2017,S  Canamasas,CAN,Trident,7,14.0,2.0,12.428571428571429,4,19,0,0.0,0,0.0,2.0,0.2857142857142857,2,0.2857142857142857,170.0,172.14714285714285,5.223572942509207,4.47213595499958,1.0,0.1428571428571428,96.40385714285716,,False
F2,2017,J  Cecotto,CEC,Rapax,4,21.0,5.25,9.0,2,15,0,0.0,1,0.25,3.0,0.75,3,0.75,100.0,166.8905,5.354126134736337,8.539125638299666,0.0,0.0,100.32425,,False
F2,2017,S  Coletti,COL,Campos Racing,1,0.0,0.0,15.0,15,15,0,0.0,0,0.0,0.0,0.0,0,0.0,23.0,170.898,,,0.0,0.0,107.837,2024.0,True
F2,2017,L  Delétraz,DEL,Racing Engineering,11,12.0,1.0909090909090908,13.090909090909092,4,19,0,0.0,0,0.0,1.0,0.0909090909090909,1,0.0909090909090909,262.0,177.4280909090909,3.832872172524031,3.618136134933164,1.0,0.0909090909090909,99.8799090909091,,False
F2,2017,N  de Vries,DEV,Rapax,11,82.0,7.454545454545454,9.090909090909092,1,19,1,0.0909090909090909,3,0.2727272727272727,7.0,0.6363636363636364,7,0.6363636363636364,225.0,178.6483,6.549115138009798,8.548258727526166,3.0,0.2727272727272727,99.5813,2022.0,True
F2,2017,S  Ferrucci,FER,Trident,5,1.0,0.2,13.2,10,15,0,0.0,0,0.0,1.0,0.2,1,0.2,117.0,182.0634,1.9235384061671343,0.447213595499958,0.0,0.0,102.5616,,False
F2,2017,A  Fuoco,FUO,PREMA Racing,11,43.0,3.909090909090909,10.272727272727272,3,20,0,0.0,1,0.0909090909090909,6.0,0.5454545454545454,6,0.5454545454545454,239.0,178.2907,5.197901674539623,5.430553295098861,1.0,0.0909090909090909,99.4134,,False
F2,2017,S  Gelael,GEL,Pertamina Arden,11,9.0,0.8181818181818182,13.272727272727272,6,17,0,0.0,0,0.0,2.0,0.1818181818181818,2,0.1818181818181818,266.0,177.2051818181818,3.5522080201167583,2.400757456228422,0.0,0.0,99.40663636363637,,False
F2,2017,L  Ghiotto,GHI,RUSSIAN TIME,11,136.0,12.363636363636363,4.363636363636363,1,8,1,0.0909090909090909,4,0.3636363636363636,11.0,1.0,11,1.0,266.0,178.85781818181815,2.419616799112094,6.454033270331464,0.0,0.0,98.97836363636362,,False
F2,2017,C  Ilott,ILO,Trident,1,0.0,0.0,14.0,14,14,0,0.0,0,0.0,0.0,0.0,0,0.0,21.0,197.572,,,0.0,0.0,104.972,,False
F2,2017,N  Jeffri,JEF,Trident,11,0.0,0.0,15.545454545454543,11,18,0,0.0,0,0.0,0.0,0.0,0,0.0,266.0,176.06654545454546,2.3393860888547815,0.0,0.0,0.0,100.15109090909093,,False
F2,2017,J  King,KIN,MP Motorsport,11,44.0,4.0,12.090909090909092,4,20,0,0.0,0,0.0,5.0,0.4545454545454545,5,0.4545454545454545,210.0,173.5629090909091,6.891364820622188,4.979959839195494,4.0,0.3636363636363636,98.4259,,False
F2,2017,N  Latifi,LAT,DAMS,11,114.0,10.363636363636363,6.181818181818182,1,16,1,0.0909090909090909,5,0.4545454545454545,9.0,0.8181818181818182,9,0.8181818181818182,266.0,178.45663636363636,4.83359455929398,8.188683987952244,0.0,0.0,99.11781818181818,2020.0,True
F2,2017,C  Leclerc,LEC,PREMA Racing,11,120.0,10.909090909090908,6.818181818181818,1,19,2,0.1818181818181818,3,0.2727272727272727,9.0,0.8181818181818182,9,0.8181818181818182,232.0,173.20772727272728,6.258085678834732,8.904544294398736,2.0,0.1818181818181818,101.77609090909093,2018.0,True
F2,2017,G  Malja,MAL,Racing Engineering,11,25.0,2.272727272727273,12.909090909090908,3,18,0,0.0,1,0.0909090909090909,3.0,0.2727272727272727,3,0.2727272727272727,261.0,173.996,5.146932007605025,4.859854094330592,0.0,0.0,99.54872727272728,2011.0,False
F2,2017,A  Markelov,MAR,RUSSIAN TIME,12,99.0,8.25,8.583333333333334,1,20,2,0.1666666666666666,3,0.25,9.0,0.75,9,0.75,260.0,179.69772727272726,6.570710952723642,9.096702699330129,2.0,0.1666666666666666,98.78209090909093,,False
F2,2017,N  Matsushita,MAT,ART Grand Prix,11,84.0,7.636363636363637,8.454545454545455,1,19,2,0.1818181818181818,2,0.1818181818181818,7.0,0.6363636363636364,7,0.6363636363636364,262.0,179.48354545454546,5.627852811928123,9.362400624548464,1.0,0.0909090909090909,99.153,,False
F2,2017,R  Merhi,MER,Rapax,4,19.0,4.75,8.25,5,12,0,0.0,0,0.0,3.0,0.75,3,0.75,87.0,187.69825,3.3040379335998353,4.9916597106239795,0.0,0.0,106.266,2015.0,False
F2,2017,N  Nato,NAT,Pertamina Arden,11,63.0,5.7272727272727275,10.363636363636363,1,20,1,0.0909090909090909,1,0.0909090909090909,7.0,0.6363636363636364,7,0.6363636363636364,212.0,177.3193,6.622276455611428,7.811413560821231,3.0,0.2727272727272727,98.8784,,False
F2,2017,L  Norris,NOR,Campos Racing,1,0.0,0.0,13.0,13,13,0,0.0,0,0.0,0.0,0.0,0,0.0,22.0,173.855,,,0.0,0.0,113.067,2019.0,True
F2,2017,Á  Palou,PAL,Campos Racing,2,4.0,2.0,10.0,8,12,0,0.0,0,0.0,1.0,0.5,1,0.5,50.0,172.6355,2.8284271247461903,2.8284271247461903,0.0,0.0,102.1065,2016.0,False
F2,2017,O  Rowland,ROW,DAMS,11,93.0,8.454545454545455,7.727272727272728,2,20,0,0.0,5,0.4545454545454545,8.0,0.7272727272727273,8,0.7272727272727273,252.0,178.4471818181818,6.182085555715145,7.6988783126327744,1.0,0.0909090909090909,99.35336363636362,,False
F2,2017,S  Sette Câmara,SET,MP Motorsport,11,49.0,4.454545454545454,10.909090909090908,1,18,1,0.0909090909090909,2,0.1818181818181818,5.0,0.4545454545454545,5,0.4545454545454545,266.0,177.46,5.430553295098861,8.65290282348804,0.0,0.0,99.28427272727272,,False
F2,2017,S  Sirotkin,SIR,ART Grand Prix,1,10.0,10.0,5.0,5,5,0,0.0,0,0.0,1.0,1.0,1,1.0,21.0,185.052,,,0.0,0.0,115.032,2018.0,True
F2,2017,R  Visoiu,VIS,Campos Racing,7,0.0,0.0,15.714285714285714,11,20,0,0.0,0,0.0,0.0,0.0,0,0.0,156.0,180.49057142857143,3.3523268393901033,0.0,2.0,0.2857142857142857,98.56685714285712,,False
F2,2018,J  Aitken,AIT,ART Grand Prix,12,32.0,2.6666666666666665,12.416666666666666,1,20,1,0.0833333333333333,1,0.0833333333333333,5.0,0.4166666666666667,5,0.4166666666666667,243.0,177.02690909090907,5.299371031861548,7.126561498217691,1.0,0.0833333333333333,104.5372,2020.0,True
F2,2018,A  Albon,ALB,DAMS,12,99.0,8.25,8.0,1,18,1,0.0833333333333333,4,0.3333333333333333,8.0,0.6666666666666666,8,0.6666666666666666,266.0,178.44908333333333,5.688904671695278,8.367958369442768,1.0,0.0833333333333333,104.889,2005.0,False
F2,2018,D  Boccolacci,BOC,MP Motorsport,4,10.0,2.5,11.0,7,18,0,0.0,0,0.0,2.0,0.5,2,0.5,81.0,184.133,4.96655480858378,3.0,0.0,0.0,112.331,,False
F2,2018,R  Boschung,BOS,MP Motorsport,10,12.0,1.2,13.7,7,19,0,0.0,0,0.0,3.0,0.3,3,0.3,177.0,180.4228888888889,4.4234225060089685,2.14993539954628,3.0,0.3,104.11725,,False
F2,2018,L  Delétraz,DEL,Charouz Racing System,12,41.0,3.4166666666666665,9.916666666666666,2,19,0,0.0,1,0.0833333333333333,6.0,0.5,6,0.5,269.0,177.896,4.35802985790876,5.696224161404614,1.0,0.0833333333333333,105.23781818181818,,False
F2,2018,N  de Vries,DEV,PERTAMINA PREMA Theodore Racing,12,98.0,8.166666666666666,8.25,1,20,1,0.0833333333333333,2,0.1666666666666666,8.0,0.6666666666666666,8,0.6666666666666666,246.0,176.36266666666666,6.136700327463524,7.613783354528612,1.0,0.0833333333333333,105.80230000000002,2022.0,True
F2,2018,S  Ferrucci,FER,Trident,7,39.0,5.571428571428571,9.857142857142858,1,20,1,0.1428571428571428,1,0.1428571428571428,4.0,0.5714285714285714,4,0.5714285714285714,167.0,175.41285714285712,6.011892975000232,8.978811035936085,1.0,0.1428571428571428,102.30116666666667,,False
F2,2018,N  Fukuzumi,FUK,BWT Arden,12,20.0,1.6666666666666667,12.5,6,20,0,0.0,0,0.0,4.0,0.3333333333333333,4,0.3333333333333333,229.0,174.232,4.542726454054177,2.806917861068948,1.0,0.0833333333333333,106.7498,,False
F2,2018,A  Fuoco,FUO,Charouz Racing System,12,58.0,4.833333333333333,11.75,1,20,1,0.0833333333333333,1,0.0833333333333333,6.0,0.5,6,0.5,237.0,177.52936363636363,6.890375369112537,7.825753908884706,1.0,0.0833333333333333,103.2855,,False
F2,2018,S  Gelael,GEL,PERTAMINA PREMA Theodore Racing,12,20.0,1.6666666666666667,14.916666666666666,4,20,0,0.0,0,0.0,2.0,0.1666666666666666,2,0.1666666666666666,203.0,175.97281818181818,5.501377238033356,3.984819679582487,5.0,0.4166666666666667,103.958,,False
F2,2018,L  Ghiotto,GHI,Campos Vexatec Racing,12,70.0,5.833333333333333,8.416666666666666,2,15,0,0.0,2,0.1666666666666666,8.0,0.6666666666666666,8,0.6666666666666666,272.0,178.04591666666667,4.378840305862092,6.307763374436203,0.0,0.0,104.9108181818182,,False
F2,2018,M  Günther,GUN,BWT Arden,11,48.0,4.363636363636363,11.090909090909092,1,18,1,0.0909090909090909,2,0.1818181818181818,4.0,0.3636363636363636,4,0.3636363636363636,240.0,177.911,5.629467922540202,8.697962143775142,2.0,0.1818181818181818,103.9192,,False
F2,2018,N  Kari,KAR,MP Motorsport,2,0.0,0.0,17.5,17,18,0,0.0,0,0.0,0.0,0.0,0,0.0,11.0,150.2175,0.7071067811865476,0.0,2.0,1.0,113.398,2005.0,False
F2,2018,N  Latifi,LAT,DAMS,12,72.0,6.0,9.583333333333334,1,19,1,0.0833333333333333,1,0.0833333333333333,8.0,0.6666666666666666,8,0.6666666666666666,254.0,179.65536363636363,5.86915408700178,7.567874686642695,1.0,0.0833333333333333,104.2741,2020.0,True
F2,2018,A  Lorandi,LOR,Trident,5,0.0,0.0,16.2,12,20,0,0.0,0,0.0,0.0,0.0,0,0.0,60.0,190.99133333333336,3.63318042491699,0.0,2.0,0.4,112.811,,False
F2,2018,A  Maini,MAI,Trident,12,30.0,2.5,11.5,3,20,0,0.0,1,0.0833333333333333,5.0,0.4166666666666667,5,0.4166666666666667,255.0,179.00227272727273,4.5427264540541765,4.622081388685877,0.0,0.0,104.1009,,False
F2,2018,T  Makino,MAK,RUSSIAN TIME,12,9.0,0.75,13.666666666666666,6,19,0,0.0,0,0.0,2.0,0.1666666666666666,2,0.1666666666666666,213.0,177.62654545454546,4.097301403104095,2.3011854652449344,3.0,0.25,104.9968,,False
F2,2018,A  Markelov,MAR,RUSSIAN TIME,12,126.0,10.5,6.833333333333333,1,19,2,0.1666666666666666,4,0.3333333333333333,9.0,0.75,9,0.75,255.0,172.24058333333335,5.812734192088847,9.33712044378877,2.0,0.1666666666666666,103.3721,,False
F2,2018,R  Merhi,MER,MP Motorsport,10,39.0,3.9,10.6,3,18,0,0.0,1,0.1,5.0,0.5,5,0.5,225.0,171.2522,5.189733454940951,5.342700108039421,1.0,0.1,103.88877777777778,2015.0,False
F2,2018,R  Nissany,NIS,Campos Vexatec Racing,10,3.0,0.3,14.2,9,18,0,0.0,0,0.0,2.0,0.2,2,0.2,214.0,173.79680000000002,2.780887148615228,0.6749485577105528,1.0,0.1,114.73088888888888,,False
F2,2018,L  Norris,NOR,Carlin,12,128.0,10.666666666666666,5.5,2,16,0,0.0,4,0.3333333333333333,10.0,0.8333333333333334,10,0.8333333333333334,270.0,179.33450000000002,4.0787698680317375,5.913518155015419,1.0,0.0833333333333333,104.55790909090908,2019.0,True
F2,2018,G  Russell,RUS,ART Grand Prix,12,145.0,12.083333333333334,7.166666666666667,1,20,3,0.25,5,0.4166666666666667,9.0,0.75,9,0.75,250.0,174.87816666666666,7.321615983241719,10.0494987060263,0.0,0.0,104.0701818181818,2019.0,True
F2,2018,S  Sette Câmara,SET,Carlin,12,113.0,9.416666666666666,6.916666666666667,2,18,0,0.0,6,0.5,10.0,0.8333333333333334,10,0.8333333333333334,261.0,178.47491666666667,5.63202423376329,7.3169583016359185,2.0,0.1666666666666666,104.80372727272726,,False
F2,2018,D  Ticktum,TIC,BWT Arden,1,0.0,0.0,16.0,16,16,0,0.0,0,0.0,0.0,0.0,0,0.0,3.0,132.128,,,1.0,1.0,162.528,,False
F2,2019,A  Cordeel,ACO,Rodin Motorsport,12,4.0,0.3333333333333333,14.833333333333334,8,22,0,0.0,0,0.0,1.0,0.0833333333333333,1,0.0833333333333333,293.0,165.68975,3.761849963982502,1.1547005383792517,2.0,0.1666666666666666,102.03833333333334,,False
F2,2019,D  Beganovic,BEG,Hitech TGR,14,81.0,5.785714285714286,8.357142857142858,3,15,0,0.0,2,0.1428571428571428,10.0,0.7142857142857143,10,0.7142857142857143,417.0,168.40014285714284,4.27168031894391,5.726840603395845,1.0,0.0714285714285714,101.17135714285716,,False
F2,2019,J  Bennett,BEN,Van Amersfoort Racing,14,1.0,0.0714285714285714,16.0,10,20,0,0.0,0,0.0,1.0,0.0714285714285714,1,0.0714285714285714,398.0,166.48035714285714,3.551814270958522,0.2672612419124244,1.0,0.0714285714285714,101.65092857142858,,False
F2,2019,L  Browning,BRO,Hitech TGR,14,144.0,10.285714285714286,7.0,1,20,1,0.0714285714285714,5,0.3571428571428571,11.0,0.7857142857142857,11,0.7857142857142857,419.0,168.22807142857144,6.312380996593428,7.858641215772721,0.0,0.0,101.28521428571428,,False
F2,2019,J  Crawford,CRA,DAMS Lucas Oil,14,141.0,10.071428571428571,7.785714285714286,1,21,3,0.2142857142857142,5,0.3571428571428571,9.0,0.6428571428571429,9,0.6428571428571429,399.0,169.37707142857144,6.784354982418928,10.216610048304716,1.0,0.0714285714285714,101.71864285714284,,False
F2,2019,A  Dunne,DUN,Rodin Motorsport,14,120.0,8.571428571428571,9.571428571428571,1,22,2,0.1428571428571428,5,0.3571428571428571,10.0,0.7142857142857143,10,0.7142857142857143,344.0,179.6846923076923,8.121332646557702,9.685153473342476,5.0,0.3571428571428571,102.834,,False
F2,2019,J  Dürksen,DUR,AIX Racing,14,87.0,6.214285714285714,10.285714285714286,1,20,2,0.1428571428571428,4,0.2857142857142857,5.0,0.3571428571428571,5,0.3571428571428571,405.0,166.14521428571427,6.280967238455352,10.221986645902597,2.0,0.1428571428571428,103.98964285714284,,False
F2,2019,M  Esterson,EST,TRIDENT,11,0.0,0.0,17.363636363636363,13,21,0,0.0,0,0.0,0.0,0.0,0,0.0,292.0,178.2223,2.579640566928938,0.0,2.0,0.1818181818181818,102.3708,,False
F2,2019,L  Fornaroli,FOR,Invicta Racing,14,167.0,11.928571428571429,5.428571428571429,1,21,1,0.0714285714285714,6,0.4285714285714285,12.0,0.8571428571428571,12,0.8571428571428571,416.0,169.22085714285714,5.139803733371773,6.944442002441573,1.0,0.0714285714285714,101.378,,False
F2,2019,O  Goethe,GOE,MP Motorsport,14,21.0,1.5,12.428571428571429,5,21,0,0.0,0,0.0,4.0,0.2857142857142857,4,0.2857142857142857,400.0,168.12514285714286,4.397801648626202,3.057147992190409,1.0,0.0714285714285714,101.47314285714286,,False
F2,2019,T  Inthraphuvasak,INT,TRIDENT,1,0.0,0.0,17.0,17,17,0,0.0,0,0.0,0.0,0.0,0,0.0,33.0,167.776,,,0.0,0.0,99.803,,False
F2,2019,J  Martí,JMA,Campos Racing,12,68.0,5.666666666666667,8.5,3,20,0,0.0,1,0.0833333333333333,9.0,0.75,9,0.75,339.0,177.93581818181818,4.814750064314676,5.262791055796315,1.0,0.0833333333333333,103.20645454545456,,False
F2,2019,A  Lindblad,LIN,Campos Racing,14,117.0,8.357142857142858,7.214285714285714,1,19,2,0.1428571428571428,2,0.1428571428571428,12.0,0.8571428571428571,12,0.8571428571428571,401.0,167.42714285714283,4.7260093985480855,8.139241533905524,2.0,0.1428571428571428,101.24121428571428,,False
F2,2019,K  Maini,MAI,DAMS Lucas Oil,14,21.0,1.5,14.142857142857142,6,21,0,0.0,0,0.0,4.0,0.2857142857142857,4,0.2857142857142857,418.0,167.4775,5.274862635574108,2.848751413406339,1.0,0.0714285714285714,101.8345,,False
F2,2019,S  Meguetounif,MEG,TRIDENT,11,1.0,0.0909090909090909,15.090909090909092,10,22,0,0.0,0,0.0,1.0,0.0909090909090909,1,0.0909090909090909,278.0,163.542,3.7270509911871463,0.3015113445777636,3.0,0.2727272727272727,101.28054545454546,,False
F2,2019,G  Minì,MIN,PREMA Racing,14,50.0,3.5714285714285716,12.071428571428571,3,22,0,0.0,1,0.0714285714285714,8.0,0.5714285714285714,8,0.5714285714285714,356.0,177.06825,6.707794383737884,4.862957088886519,3.0,0.2142857142857142,104.81666666666666,,False
F2,2019,R  Miyata,MIY,ART Grand Prix,14,22.0,1.5714285714285714,14.0,3,22,0,0.0,1,0.0714285714285714,4.0,0.2857142857142857,4,0.2857142857142857,338.0,175.84958333333336,5.233031185136907,4.032832288074507,3.0,0.2142857142857142,105.50283333333331,,False
F2,2019,S  Montoya,MON,PREMA Racing,14,79.0,5.642857142857143,10.5,2,22,0,0.0,2,0.1428571428571428,9.0,0.6428571428571429,9,0.6428571428571429,388.0,167.52614285714284,7.024681761201275,6.147008563985761,3.0,0.2142857142857142,101.6925,2001.0,False
F2,2019,C  Shields,SHI,AIX Racing,14,0.0,0.0,17.857142857142858,11,22,0,0.0,0,0.0,0.0,0.0,0,0.0,353.0,166.124,3.2783002832645987,0.0,3.0,0.2142857142857142,102.35253846153849,,False
F2,2019,R  Stanek,STA,Invicta Racing,14,76.0,5.428571428571429,10.428571428571429,2,21,0,0.0,3,0.2142857142857142,7.0,0.5,7,0.5,393.0,168.96592857142858,6.57166745862975,7.41842079104219,2.0,0.1428571428571428,101.78692857142858,,False
F2,2019,M  Stenshorne,STE,Rodin Motorsport,3,0.0,0.0,17.333333333333332,15,22,0,0.0,0,0.0,0.0,0.0,0,0.0,69.0,176.89766666666665,4.041451884327381,0.0,1.0,0.3333333333333333,106.331,2014.0,False
F2,2019,N  Tsolov,TSO,Campos Racing,2,6.0,3.0,9.5,7,12,0,0.0,0,0.0,1.0,0.5,1,0.5,65.0,177.843,3.5355339059327378,4.242640687119285,0.0,0.0,100.032,,False
F2,2019,L  van Hoepen,VAN,TRIDENT,3,0.0,0.0,19.0,17,22,0,0.0,0,0.0,0.0,0.0,0,0.0,61.0,177.25,2.6457513110645907,0.0,1.0,0.3333333333333333,108.723,2016.0,False
F2,2019,R  Verschoor,VER,MP Motorsport,14,119.0,8.5,7.642857142857143,1,19,2,0.1428571428571428,3,0.2142857142857142,11.0,0.7857142857142857,11,0.7857142857142857,404.0,178.00561538461537,5.429366627703638,8.35509977844025,1.0,0.0714285714285714,102.62230769230769,2012.0,False
F2,2019,R  Villagómez,VIL,Van Amersfoort Racing,14,29.0,2.0714285714285716,12.428571428571429,4,22,0,0.0,0,0.0,5.0,0.3571428571428571,5,0.3571428571428571,386.0,168.5325,5.345224838248487,3.812212878757826,2.0,0.1428571428571428,101.83064285714283,1996.0,False
F2,2019,V  Martins,VMA,ART Grand Prix,14,60.0,4.285714285714286,12.642857142857142,1,22,1,0.0714285714285714,2,0.1428571428571428,6.0,0.4285714285714285,6,0.4285714285714285,301.0,176.68976923076923,7.023117244085835,7.487718882672751,6.0,0.4285714285714285,104.14318181818182,,False
F2,2019,J  Wharton,WHA,TRIDENT,1,0.0,0.0,19.0,19,19,0,0.0,0,0.0,0.0,0.0,0,0.0,32.0,184.8,,,0.0,0.0,100.835,,False
F2,2020,G  Alesi,ALE,BWT HWA RACELAB,12,9.0,0.75,16.416666666666668,6,22,0,0.0,0,0.0,2.0,0.1666666666666666,2,0.1666666666666666,275.0,183.37058333333337,4.9810245994781095,2.3011854652449344,3.0,0.25,97.49227272727272,,False
F2,2020,M  Armstrong,ARM,ART Grand Prix,12,32.0,2.6666666666666665,12.0,3,22,0,0.0,1,0.0833333333333333,5.0,0.4166666666666667,5,0.4166666666666667,274.0,184.97736363636363,5.5432186252458715,5.15810630038395,2.0,0.1666666666666666,95.5370909090909,,False
F2,2020,R  Boschung,BOS,Campos Racing,1,0.0,0.0,22.0,22,22,0,0.0,0,0.0,0.0,0.0,0,0.0,9.0,183.261,,,1.0,1.0,65.507,,False
F2,2020,J  Daruvala,DAR,Carlin,12,64.0,5.333333333333333,10.416666666666666,1,21,1,0.0833333333333333,1,0.0833333333333333,8.0,0.6666666666666666,8,0.6666666666666666,308.0,183.15916666666664,6.374071530724132,7.438637868140465,1.0,0.0833333333333333,95.44716666666666,,False
F2,2020,L  Delétraz,DEL,Charouz Racing System,12,103.0,8.583333333333334,7.083333333333333,2,18,0,0.0,4,0.3333333333333333,9.0,0.75,9,0.75,324.0,183.96641666666665,5.160308893737649,7.279589565519766,0.0,0.0,95.19675,,False
F2,2020,F  Drugovich,DRU,MP Motorsport,12,47.0,3.9166666666666665,11.833333333333334,1,20,1,0.0833333333333333,1,0.0833333333333333,5.0,0.4166666666666667,5,0.4166666666666667,297.0,177.30175,5.905826604192497,7.216878364870322,2.0,0.1666666666666666,94.02336363636364,,False
F2,2020,S  Gelael,GEL,DAMS,8,6.0,0.75,16.5,7,22,0,0.0,0,0.0,1.0,0.125,1,0.125,166.0,172.647,5.154748157905347,2.1213203435596424,4.0,0.5,92.60285714285716,,False
F2,2020,L  Ghiotto,GHI,Hitech Grand Prix,12,69.0,5.75,10.916666666666666,1,21,1,0.0833333333333333,2,0.1666666666666666,8.0,0.6666666666666666,8,0.6666666666666666,278.0,181.22966666666665,7.304523297660198,8.280590668435545,3.0,0.25,95.845,,False
F2,2020,J  Hughes,HUG,BWT HWA RACELAB,1,0.0,0.0,12.0,12,12,0,0.0,0,0.0,0.0,0.0,0,0.0,28.0,176.254,,,0.0,0.0,113.103,,False
F2,2020,C  Ilott,ILO,UNI-Virtuosi,12,81.0,6.75,8.25,2,21,0,0.0,2,0.1666666666666666,10.0,0.8333333333333334,10,0.8333333333333334,317.0,185.23766666666663,5.4958662151243685,6.032111043106188,1.0,0.0833333333333333,95.13116666666669,,False
F2,2020,C  Lundgaard,LUN,ART Grand Prix,12,101.0,8.416666666666666,9.5,1,22,2,0.1666666666666666,4,0.3333333333333333,6.0,0.5,6,0.5,295.0,184.20336363636363,7.633657529174811,10.058540770123786,1.0,0.0833333333333333,93.59245454545454,,False
F2,2020,A  Markelov,MAR,BWT HWA RACELAB,12,1.0,0.0833333333333333,15.0,10,20,0,0.0,0,0.0,1.0,0.0833333333333333,1,0.0833333333333333,323.0,181.69925,3.4641016151377544,0.2886751345948128,0.0,0.0,95.64441666666666,,False
F2,2020,N  Matsushita,MAT,MP Motorsport,9,39.0,4.333333333333333,11.666666666666666,1,22,1,0.1111111111111111,1,0.1111111111111111,3.0,0.3333333333333333,3,0.3333333333333333,217.0,185.20433333333332,6.442049363362563,8.336666000266533,1.0,0.1111111111111111,95.65266666666668,,False
F2,2020,N  Mazepin,MAZ,Hitech Grand Prix,12,73.0,6.083333333333333,9.083333333333334,2,22,0,0.0,2,0.1666666666666666,9.0,0.75,9,0.75,318.0,180.21225,6.052172162024795,6.584531920042654,0.0,0.0,95.23033333333332,2021.0,True
F2,2020,R  Nissany,NIS,Trident,12,7.0,0.5833333333333334,14.833333333333334,8,20,0,0.0,0,0.0,3.0,0.25,3,0.25,292.0,178.04208333333335,4.152399817265222,1.2401124093721456,2.0,0.1666666666666666,94.01445454545456,,False
F2,2020,P  Piquet,PIQ,Charouz Racing System,12,0.0,0.0,14.333333333333334,11,19,0,0.0,0,0.0,0.0,0.0,0,0.0,322.0,183.06425,2.4984843890695503,0.0,1.0,0.0833333333333333,95.49666666666668,2008.0,False
F2,2020,T  Pourchaire,POU,BWT HWA RACELAB,2,0.0,0.0,21.5,21,22,0,0.0,0,0.0,0.0,0.0,0,0.0,38.0,180.7305,0.7071067811865476,0.0,1.0,0.5,86.6125,,False
F2,2020,G  Samaia,SAM,Campos Racing,12,0.0,0.0,17.833333333333332,15,21,0,0.0,0,0.0,0.0,0.0,0,0.0,312.0,179.94458333333333,2.3290003057626296,0.0,2.0,0.1666666666666666,96.01216666666666,,False
F2,2020,M  Sato,SAT,Trident,12,4.0,0.3333333333333333,15.333333333333334,8,21,0,0.0,0,0.0,1.0,0.0833333333333333,1,0.0833333333333333,297.0,177.55516666666665,3.961940143032161,1.1547005383792517,1.0,0.0833333333333333,97.72854545454544,2002.0,False
F2,2020,M  Schumacher,SCH,PREMA Racing,12,130.0,10.833333333333334,7.083333333333333,1,19,2,0.1666666666666666,5,0.4166666666666667,9.0,0.75,9,0.75,309.0,183.79708333333335,6.41671585970911,9.023538243075295,1.0,0.0833333333333333,95.31633333333332,1997.0,False
F2,2020,R  Shwartzman,SHW,PREMA Racing,12,91.0,7.583333333333333,8.166666666666666,1,22,1,0.0833333333333333,2,0.1666666666666666,8.0,0.6666666666666666,8,0.6666666666666666,296.0,183.1191818181818,5.96708141439855,8.284249385357002,1.0,0.0833333333333333,96.658,,False
F2,2020,D  Ticktum,TIC,DAMS,12,96.0,8.0,8.25,1,22,1,0.0833333333333333,4,0.3333333333333333,9.0,0.75,9,0.75,319.0,181.53816666666668,6.311965548932369,8.377458933460563,0.0,0.0,94.98083333333334,,False
F2,2020,Y  Tsunoda,TSU,Carlin,12,110.0,9.166666666666666,9.916666666666666,1,22,2,0.1666666666666666,4,0.3333333333333333,6.0,0.5,6,0.5,284.0,182.646,8.404093519160046,10.347009522591833,2.0,0.1666666666666666,94.474,2021.0,True
F2,2020,J  Vips,VIP,DAMS,4,15.0,3.75,11.5,3,21,0,0.0,1,0.25,1.0,0.25,1,0.25,78.0,198.98633333333336,7.371114795831994,7.5,1.0,0.25,103.88733333333334,,False
F2,2020,G  Zhou,ZHO,UNI-Virtuosi,12,95.0,7.916666666666667,6.416666666666667,3,14,0,0.0,1,0.0833333333333333,11.0,0.9166666666666666,11,0.9166666666666666,324.0,184.23883333333333,3.028901190901153,4.601547829181222,0.0,0.0,95.24816666666668,2022.0,True
F2,2021,J  Aitken,AIT,HWA RACELAB,3,0.0,0.0,15.333333333333334,11,18,0,0.0,0,0.0,0.0,0.0,0,0.0,97.0,167.15133333333333,3.7859388972001824,0.0,0.0,0.0,101.30233333333332,2020.0,False
F2,2021,M  Armstrong,ARM,DAMS,8,17.0,2.125,13.375,5,22,0,0.0,0,0.0,3.0,0.375,3,0.375,171.0,172.4983333333333,6.4793628434548145,3.7961446607992015,3.0,0.375,100.18233333333336,,False
F2,2021,D  Beckmann,BEC,Charouz Racing System,6,0.0,0.0,13.833333333333334,11,17,0,0.0,0,0.0,0.0,0.0,0,0.0,177.0,170.98466666666664,2.228601953392904,0.0,1.0,0.1666666666666666,103.24916666666668,,False
F2,2021,R  Boschung,BOS,Campos Racing,8,30.0,3.75,9.875,5,15,0,0.0,0,0.0,5.0,0.625,5,0.625,232.0,170.988625,4.223657859520077,4.200340122282616,0.0,0.0,103.071875,,False
F2,2021,J  Daruvala,DAR,Carlin Racing,8,25.0,3.125,10.875,5,22,0,0.0,0,0.0,4.0,0.5,4,0.5,207.0,170.763,5.462534733462636,4.189698250300543,1.0,0.125,102.548125,,False
F2,2021,A  Deledda,DEL,HWA RACELAB,8,0.0,0.0,19.75,17,22,0,0.0,0,0.0,0.0,0.0,0,0.0,161.0,167.41383333333332,1.9820624179302295,0.0,3.0,0.375,103.44,,False
F2,2021,J  Doohan,DOO,MP Motorsport,2,10.0,5.0,13.5,5,22,0,0.0,0,0.0,1.0,0.5,1,0.5,20.0,162.192,12.020815280171307,7.0710678118654755,1.0,0.5,104.131,2005.0,False
F2,2021,F  Drugovich,DRU,UNI-Virtuosi,8,53.0,6.625,8.75,3,22,0,0.0,2,0.25,6.0,0.75,6,0.75,214.0,171.53842857142857,6.453127702351562,6.674846172652328,1.0,0.125,101.42514285714286,,False
F2,2021,E  Fittipaldi,FIT,Charouz Racing System,3,6.0,2.0,12.0,7,17,0,0.0,0,0.0,1.0,0.3333333333333333,1,0.3333333333333333,68.0,170.70833333333334,5.0,3.4641016151377544,0.0,0.0,103.74233333333332,2020.0,False
F2,2021,J  Hughes,HUG,HWA RACELAB,3,12.0,4.0,13.0,4,21,0,0.0,0,0.0,1.0,0.3333333333333333,1,0.3333333333333333,69.0,176.43866666666668,8.54400374531753,6.928203230275509,1.0,0.3333333333333333,102.69333333333331,,False
F2,2021,L  Lawson,LAW,Hitech Grand Prix,8,29.0,3.625,12.5,3,20,0,0.0,1,0.125,3.0,0.375,3,0.375,203.0,172.04425,6.611677980232077,5.604526232048012,4.0,0.5,102.932375,2023.0,True
F2,2021,C  Lundgaard,LUN,ART Grand Prix,8,8.0,1.0,12.75,7,21,0,0.0,0,0.0,2.0,0.25,2,0.25,232.0,170.513625,4.301162633521313,2.138089935299395,0.0,0.0,102.82375,,False
F2,2021,M  Nannini,NAN,Campos Racing,3,1.0,0.3333333333333333,16.333333333333332,10,21,0,0.0,0,0.0,1.0,0.3333333333333333,1,0.3333333333333333,61.0,181.1075,5.686240703077327,0.5773502691896258,1.0,0.3333333333333333,105.232,,False
F2,2021,R  Nissany,NIS,DAMS,8,4.0,0.5,13.875,9,21,0,0.0,0,0.0,2.0,0.25,2,0.25,200.0,170.95557142857143,4.155461122770509,0.9258200997725516,1.0,0.125,102.32785714285716,,False
F2,2021,C  Novalak,NOV,MP Motorsport,2,0.0,0.0,17.5,14,21,0,0.0,0,0.0,0.0,0.0,0,0.0,33.0,177.499,4.949747468305833,0.0,1.0,0.5,99.043,,False
F2,2021,O  Caldwell,OCA,Campos Racing,2,0.0,0.0,15.0,12,18,0,0.0,0,0.0,0.0,0.0,0,0.0,53.0,169.619,4.242640687119285,0.0,0.0,0.0,102.3375,,False
F2,2021,G  Petecof,PET,Campos Racing,2,0.0,0.0,18.0,16,20,0,0.0,0,0.0,0.0,0.0,0,0.0,56.0,147.684,2.8284271247461903,0.0,1.0,0.5,96.5595,2010.0,False
F2,2021,O  Piastri,PIA,PREMA Racing,8,128.0,16.0,4.75,1,19,3,0.375,6,0.75,7.0,0.875,7,0.875,229.0,171.950875,6.341473465550866,10.02853072844814,1.0,0.125,102.50175,2023.0,True
F2,2021,T  Pourchaire,POU,ART Grand Prix,8,75.0,9.375,7.0,1,20,1,0.125,1,0.125,7.0,0.875,7,0.875,205.0,161.111,5.732115042211108,7.614600636746674,1.0,0.125,100.32442857142856,,False
F2,2021,G  Samaia,SAM,Charouz Racing System,8,0.0,0.0,17.5,13,22,0,0.0,0,0.0,0.0,0.0,0,0.0,180.0,168.10016666666667,3.0237157840738176,0.0,2.0,0.25,104.277,,False
F2,2021,L  Sargeant,SAR,HWA RACELAB,1,0.0,0.0,18.0,18,18,0,0.0,0,0.0,0.0,0.0,0,0.0,5.0,130.175,,,1.0,1.0,162.813,2023.0,True
F2,2021,M  Sato,SAT,Trident,8,0.0,0.0,15.75,13,20,0,0.0,0,0.0,0.0,0.0,0,0.0,211.0,168.542125,2.604940361258638,0.0,1.0,0.125,103.03625,2002.0,False
F2,2021,R  Shwartzman,SHW,PREMA Racing,8,91.0,11.375,4.5,3,7,0,0.0,3,0.375,8.0,1.0,8,1.0,232.0,171.6595,1.511857892036909,3.4615231989895516,0.0,0.0,102.41025,,False
F2,2021,D  Ticktum,TIC,Carlin Racing,8,100.0,12.5,5.625,1,19,1,0.125,4,0.5,7.0,0.875,7,0.875,222.0,171.919875,5.878228596147944,8.211490207542807,1.0,0.125,102.3845,,False
F2,2021,R  Verschoor,VER,MP Motorsport,7,36.0,5.142857142857143,8.142857142857142,4,14,0,0.0,0,0.0,6.0,0.8571428571428571,6,0.8571428571428571,212.0,172.48685714285713,3.579039509354962,5.11300861947808,1.0,0.1428571428571428,102.60928571428572,2012.0,False
F2,2021,J  Vips,VIP,Hitech Grand Prix,8,57.0,7.125,9.625,1,21,1,0.125,2,0.25,5.0,0.625,5,0.625,194.0,166.89325,6.968039281503185,9.341726668173134,2.0,0.25,102.685,,False
F2,2021,B  Viscaal,VIS,Trident,8,18.0,2.25,13.5,2,20,0,0.0,1,0.125,1.0,0.125,1,0.125,215.0,170.25875,5.52914356581818,6.363961030678928,2.0,0.25,103.10075,,False
F2,2021,L  Zendeli,ZEN,MP Motorsport,6,8.0,1.3333333333333333,12.5,8,20,0,0.0,0,0.0,4.0,0.6666666666666666,4,0.6666666666666666,167.0,171.164,5.128352561983234,1.505545305418162,1.0,0.1666666666666666,103.21933333333334,,False
F2,2021,G  Zhou,ZHO,UNI-Virtuosi,8,100.0,12.5,6.625,1,21,2,0.25,4,0.5,6.0,0.75,6,0.75,214.0,171.76214285714286,7.1501748230375455,10.447145885018411,1.0,0.125,101.152,2022.0,True
F3,2019,K  Andres,AND,HWA RACELAB,8,,,23.125,16,30,0,0.0,0,0.0,,,0,0.0,167.0,172.566625,4.85320218294802,,,,106.455,,False
F3,2019,M  Armstrong,ARM,Prema Racing,8,,,10.625,3,24,0,0.0,1,0.125,,,5,0.625,167.0,175.3275,6.435115716575289,,,,105.585375,,False
F3,2019,D  Beckmann,BEC,ART Grand Prix,7,,,14.571428571428571,1,25,1,0.1428571428571428,1,0.1428571428571428,,,3,0.4285714285714285,128.0,171.69085714285714,8.443086774735546,,,,105.23,,False
F3,2019,G  Carrara,CAR,Jenzer Motorsport,4,,,18.75,2,26,0,0.0,1,0.25,,,1,0.25,69.0,173.27675,11.236102527122116,,,,96.86066666666666,,False
F3,2019,J  Daruvala,DAR,Prema Racing,8,,,9.875,3,19,0,0.0,1,0.125,,,5,0.625,166.0,174.977125,5.462534733462636,,,,105.86625,,False
F3,2019,D  DeFrancesco,DEF,Trident,8,,,17.0,5,27,0,0.0,0,0.0,,,1,0.125,159.0,170.71875,6.654751256486923,,,,106.750875,,False
F3,2019,A  Deledda,DEL,Campos Racing,8,,,28.0,25,29,0,0.0,0,0.0,,,0,0.0,167.0,171.55575,1.414213562373095,,,,107.32925,,False
F3,2019,F  Drugovich,DRU,Carlin Buzz Racing,8,,,14.125,1,20,1,0.125,1,0.125,,,1,0.125,159.0,173.88825,6.0341291240504855,,,,106.594875,,False
F3,2019,A  Estner,EST,Jenzer Motorsport,8,,,23.0,17,26,0,0.0,0,0.0,,,0,0.0,167.0,173.449625,3.8544964466377265,,,,106.827125,,False
F3,2019,S  Fernández,FER,Campos Racing,8,,,14.875,3,29,0,0.0,1,0.125,,,3,0.375,157.0,173.664625,10.287822204640092,,,,106.4355,,False
F3,2019,M  Fewtrell,FEW,ART Grand Prix,8,,,16.125,6,26,0,0.0,0,0.0,,,3,0.375,163.0,173.296875,7.414994461032515,,,,106.522625,,False
F3,2019,L  Hon Chio,HON,Jenzer Motorsport,1,,,26.0,26,26,0,0.0,0,0.0,,,0,0.0,20.0,175.071,,,,,118.135,,False
F3,2019,J  Hughes,HUG,HWA RACELAB,8,,,8.875,2,29,0,0.0,1,0.125,,,6,0.75,133.0,175.15185714285715,8.838834764831844,,,,107.65271428571428,,False
F3,2019,R  Hyman,HYM,Sauber Junior Team by Charouz,8,,,20.125,8,28,0,0.0,0,0.0,,,1,0.125,142.0,176.4855714285714,6.220645350076515,,,,107.97057142857145,,False
F3,2019,N  Kari,KAR,Trident,8,,,11.0,1,23,1,0.125,1,0.125,,,4,0.5,149.0,175.237625,7.010196655077313,,,,102.92557142857144,2005.0,False
F3,2019,S  Laaksonen,LAA,MP Motorsport,8,,,12.875,1,28,1,0.125,3,0.375,,,4,0.5,122.0,172.789875,11.128310101461306,,,,107.23475,,False
F3,2019,L  Lawson,LAW,MP Motorsport,8,,,12.375,3,28,0,0.0,1,0.125,,,3,0.375,166.0,173.817375,7.998883850709601,,,,106.37775,2023.0,True
F3,2019,C  Lundgaard,LUN,ART Grand Prix,8,,,13.0,7,22,0,0.0,0,0.0,,,4,0.5,167.0,174.688375,5.756983337031395,,,,106.137875,,False
F3,2019,F  Malvestiti,MAL,Jenzer Motorsport,1,,,27.0,27,27,0,0.0,0,0.0,,,0,0.0,20.0,193.109,,,,,107.841,2011.0,False
F3,2019,T  Natori,NAT,Carlin Buzz Racing,8,,,20.5,2,30,0,0.0,1,0.125,,,1,0.125,129.0,173.50685714285714,8.89622712968015,,,,107.92257142857144,,False
F3,2019,A  Peroni,PER,Campos Racing,6,,,15.5,1,26,1,0.1666666666666666,1,0.1666666666666666,,,2,0.3333333333333333,109.0,171.646,10.5023806824929,,,,104.237,2011.0,False
F3,2019,A  Petrov,PET,Jenzer Motorsport,1,,,30.0,30,30,0,0.0,0,0.0,,,0,0.0,0.0,,,,,,,2010.0,False
F3,2019,P  Piquet,PIQ,Trident,8,,,12.75,3,29,0,0.0,2,0.25,,,4,0.5,162.0,174.71525,9.315885051121782,,,,106.093375,2008.0,False
F3,2019,L  Pulcini,PUL,Hitech Grand Prix,8,,,13.0,4,23,0,0.0,0,0.0,,,4,0.5,167.0,174.8695,7.445036697597362,,,,106.039875,,False
F3,2019,L  Sargeant,SAR,Carlin Buzz Racing,8,,,15.0,7,30,0,0.0,0,0.0,,,2,0.25,161.0,170.62275,6.928203230275509,,,,106.48725,2023.0,True
F3,2019,F  Scherer,SCH,Sauber Junior Team by Charouz,8,,,12.0,1,28,1,0.125,3,0.375,,,4,0.5,132.0,171.624125,10.743768958264669,,,,106.77075,1997.0,False
F3,2019,R  Shwartzman,SHW,Prema Racing,8,,,7.25,2,12,0,0.0,1,0.125,,,7,0.875,162.0,175.2225,2.8660575211055543,,,,105.754125,,False
F3,2019,Y  Tsunoda,TSU,Jenzer Motorsport,8,,,9.875,2,16,0,0.0,1,0.125,,,3,0.375,166.0,174.701625,4.733995594179856,,,,106.14,2021.0,True
F3,2019,R  Verschoor,VER,MP Motorsport,8,,,16.125,5,25,0,0.0,0,0.0,,,2,0.25,167.0,174.4705,6.599512969043354,,,,106.3145,2012.0,False
F3,2019,J  Vips,VIP,Hitech Grand Prix,8,,,13.875,4,30,0,0.0,0,0.0,,,3,0.375,167.0,174.289875,9.280355596635292,,,,105.843875,,False
F3,2019,B  Viscaal,VIS,HWA RACELAB,8,,,15.5,1,26,2,0.25,2,0.25,,,2,0.25,152.0,174.575125,10.099504938362076,,,,106.753625,,False
F3,2019,Y  Yifei,YIF,Hitech Grand Prix,8,,,18.25,2,28,0,0.0,1,0.125,,,1,0.125,131.0,178.07871428571428,8.74642784226795,,,,107.89128571428571,,False
F3,2019,L  Zendeli,ZEN,Sauber Junior Team by Charouz,8,,,17.375,9,29,0,0.0,0,0.0,,,1,0.125,145.0,172.79271428571428,6.738747234146291,,,,105.001,,False
F3,2020,E  Ahmed,AHM,Carlin Buzz Racing,3,,,23.666666666666668,19,26,0,0.0,0,0.0,,,0,0.0,70.0,152.69,4.041451884327381,,,,93.238,,False
F3,2020,B  Barnicoat,BAR,Carlin Buzz Racing,2,,,8.5,3,14,0,0.0,1,0.5,,,1,0.5,30.0,169.3105,7.7781745930520225,,,,107.1535,1993.0,False
F3,2020,D  Beckmann,BEC,Trident,9,,,6.222222222222222,1,12,1,0.1111111111111111,3,0.3333333333333333,,,7,0.7777777777777778,177.0,170.00511111111112,3.80058475033046,,,,101.4071111111111,,False
F3,2020,M  Belov,BEL,Charouz Racing System,3,,,15.333333333333334,3,23,0,0.0,1,0.3333333333333333,,,1,0.3333333333333333,54.0,183.904,10.785793124908958,,,,110.193,,False
F3,2020,O  Caldwell,CAL,Trident,9,,,20.333333333333332,10,29,0,0.0,0,0.0,,,1,0.1111111111111111,170.0,171.942375,6.670832032063167,,,,102.483875,,False
F3,2020,P  Chovet,CHO,Hitech Grand Prix,2,,,7.5,2,13,0,0.0,1,0.5,,,1,0.5,25.0,193.941,7.7781745930520225,,,,115.488,,False
F3,2020,C  Das,DAS,Carlin Buzz Racing,9,,,18.444444444444443,1,28,1,0.1111111111111111,2,0.2222222222222222,,,2,0.2222222222222222,168.0,169.48566666666667,10.44163673845139,,,,102.5791111111111,,False
F3,2020,A  Deledda,DEL,Campos Racing,9,,,20.88888888888889,1,30,1,0.1111111111111111,2,0.2222222222222222,,,2,0.2222222222222222,157.0,156.97333333333333,11.229920351948676,,,,106.825875,,False
F3,2020,J  Doohan,DOO,HWA RACELAB,9,,,21.0,1,30,1,0.1111111111111111,1,0.1111111111111111,,,1,0.1111111111111111,168.0,155.52877777777778,9.656603957913983,,,,98.544625,2005.0,False
F3,2020,L  Dunner,DUN,MP Motorsport,9,,,20.11111111111111,1,30,1,0.1111111111111111,1,0.1111111111111111,,,1,0.1111111111111111,129.0,160.88785714285714,8.809716857601675,,,,99.57283333333334,,False
F3,2020,A  Estner,EST,Campos Racing,1,,,24.0,24,24,0,0.0,0,0.0,,,0,0.0,17.0,184.26,,,,,130.219,,False
F3,2020,S  Fernández,FER,ART Grand Prix,9,,,15.11111111111111,8,24,0,0.0,0,0.0,,,1,0.1111111111111111,192.0,170.08855555555556,4.400126260814695,,,,101.73588888888888,,False
F3,2020,M  Fewtrell,FEW,Hitech Grand Prix,6,,,17.833333333333332,11,30,0,0.0,0,0.0,,,0,0.0,110.0,162.29059999999998,7.1110243050257305,,,,98.2944,,False
F3,2020,S  Floersch,FLO,Campos Racing,8,,,19.0,1,25,1,0.125,1,0.125,,,1,0.125,161.0,170.442,7.727501906456298,,,,98.825,,False
F3,2020,I  Fraga,FRA,Charouz Racing System,8,,,15.625,1,29,1,0.125,2,0.25,,,2,0.25,134.0,165.31725,10.26697201153847,,,,101.06642857142856,,False
F3,2020,D  Hauger,HAU,Hitech Grand Prix,9,,,19.444444444444443,8,27,0,0.0,0,0.0,,,1,0.1111111111111111,189.0,167.05266666666665,6.287112037953338,,,,101.782,,False
F3,2020,J  Hughes,HUG,HWA RACELAB,9,,,12.333333333333334,4,24,0,0.0,0,0.0,,,3,0.3333333333333333,188.0,171.02366666666666,6.652067347825035,,,,101.47066666666666,,False
F3,2020,L  Lawson,LAW,Hitech Grand Prix,9,,,5.666666666666667,1,9,1,0.1111111111111111,4,0.4444444444444444,,,9,1.0,173.0,172.032,3.2015621187164243,,,,101.526,2023.0,True
F3,2020,F  Malvestiti,MAL,Jenzer Motorsport,9,,,18.77777777777778,2,28,0,0.0,1,0.1111111111111111,,,2,0.2222222222222222,181.0,169.18866666666665,9.510228411791404,,,,102.17844444444444,2011.0,False
F3,2020,M  Nannini,NAN,Jenzer Motorsport,9,,,21.88888888888889,5,30,0,0.0,0,0.0,,,1,0.1111111111111111,173.0,154.605,8.053639618899712,,,,105.05766666666666,,False
F3,2020,C  Novalak,NOV,Carlin Buzz Racing,9,,,13.0,4,28,0,0.0,0,0.0,,,3,0.3333333333333333,179.0,168.5758888888889,7.937253933193771,,,,101.77966666666666,,False
F3,2020,A  Peroni,PER,Campos Racing,9,,,13.22222222222222,2,28,0,0.0,1,0.1111111111111111,,,3,0.3333333333333333,178.0,171.891,8.96908269804914,,,,101.54144444444444,2011.0,False
F3,2020,O  Piastri,PIA,PREMA Racing,9,,,6.555555555555555,2,10,0,0.0,3,0.3333333333333333,,,9,1.0,170.0,169.15800000000002,3.3582402799349804,,,,101.1797777777778,2023.0,True
F3,2020,T  Pourchaire,POU,ART Grand Prix,9,,,10.11111111111111,3,30,0,0.0,1,0.1111111111111111,,,7,0.7777777777777778,192.0,170.4078888888889,7.849274559544412,,,,101.37122222222224,,False
F3,2020,L  Pulcini,PUL,Carlin Buzz Racing,1,,,26.0,26,26,0,0.0,0,0.0,,,0,0.0,22.0,151.779,,,,,97.601,,False
F3,2020,L  Sargeant,SAR,PREMA Racing,9,,,10.77777777777778,4,28,0,0.0,0,0.0,,,7,0.7777777777777778,157.0,165.864125,9.614803401237303,,,,101.58875,2023.0,True
F3,2020,D  Schumacher,SCH,Charouz Racing System,6,,,17.0,1,28,1,0.1666666666666666,1,0.1666666666666666,,,1,0.1666666666666666,113.0,155.0465,8.876936408468858,,,,96.2888,1997.0,False
F3,2020,A  Smolyar,SMO,ART Grand Prix,9,,,12.444444444444445,7,24,0,0.0,0,0.0,,,5,0.5555555555555556,192.0,170.48322222222222,5.479760740924532,,,,101.42266666666666,,False
F3,2020,R  Stanek,STA,Charouz Racing System,9,,,21.444444444444443,14,29,0,0.0,0,0.0,,,0,0.0,192.0,169.64822222222222,4.447221354708778,,,,102.259,,False
F3,2020,R  Verschoor,VER,MP Motorsport,9,,,10.22222222222222,4,22,0,0.0,0,0.0,,,6,0.6666666666666666,192.0,170.43533333333335,5.717905599469481,,,,101.58733333333332,2012.0,False
F3,2020,F  Vesti,VES,PREMA Racing,9,,,9.444444444444445,4,23,0,0.0,0,0.0,,,6,0.6666666666666666,180.0,170.4831111111111,5.833333333333333,,,,101.63322222222222,,False
F3,2020,B  Viscaal,VIS,MP Motorsport,9,,,17.444444444444443,5,22,0,0.0,0,0.0,,,1,0.1111111111111111,192.0,169.95066666666668,5.433946795633703,,,,101.61866666666668,,False
F3,2020,C  Williams,WIL,Jenzer Motorsport,9,,,22.88888888888889,16,30,0,0.0,0,0.0,,,0,0.0,172.0,168.327,5.622375931144333,,,,101.045875,,False
F3,2020,L  Zendeli,ZEN,Trident,9,,,14.22222222222222,6,27,0,0.0,0,0.0,,,2,0.2222222222222222,171.0,169.316125,6.759766596891082,,,,101.976375,,False
F3,2021,A  Cordeel,ACO,Campos Racing,7,,,19.714285714285715,1,29,1,0.1428571428571428,1,0.1428571428571428,,,1,0.1428571428571428,141.0,162.72885714285715,9.810101693565429,,,,110.02885714285716,,False
F3,2021,O  Caldwell,CAL,PREMA Racing,7,,,9.0,1,16,1,0.1428571428571428,1,0.1428571428571428,,,3,0.4285714285714285,126.0,163.09471428571428,5.656854249492381,,,,110.02114285714286,,False
F3,2021,C  Collet,CCO,MP Motorsport,7,,,12.0,5,30,0,0.0,0,0.0,,,5,0.7142857142857143,124.0,162.69333333333333,9.201449161228174,,,,107.81383333333332,,False
F3,2021,Z  Chovanec,CHO,Charouz Racing System,3,,,25.0,24,26,0,0.0,0,0.0,,,0,0.0,58.0,170.25333333333333,1.0,,,,118.04533333333332,,False
F3,2021,I  Cohen,COH,Carlin Buzz,7,,,15.714285714285714,1,27,1,0.1428571428571428,2,0.2857142857142857,,,2,0.2857142857142857,137.0,162.62385714285713,10.193368525897704,,,,110.15328571428572,,False
F3,2021,J  Crawford,CRA,Hitech Grand Prix,7,,,15.714285714285714,9,29,0,0.0,0,0.0,,,2,0.2857142857142857,144.0,163.53771428571432,7.040698017343775,,,,109.32928571428572,,False
F3,2021,R  de Gerus,DEG,Charouz Racing System,4,,,22.5,19,24,0,0.0,0,0.0,,,0,0.0,86.0,156.76875,2.380476142847616,,,,102.34225,,False
F3,2021,J  Doohan,DOO,Trident,7,,,7.428571428571429,2,27,0,0.0,2,0.2857142857142857,,,6,0.8571428571428571,143.0,164.20242857142856,8.791229395580249,,,,108.70514285714286,2005.0,False
F3,2021,J  Edgar,EDG,Carlin Buzz,7,,,14.571428571428571,1,20,1,0.1428571428571428,1,0.1428571428571428,,,1,0.1428571428571428,139.0,163.3097142857143,6.451282633635548,,,,110.626,,False
F3,2021,E  Fittipaldi,FIT,Charouz Racing System,4,,,15.75,12,20,0,0.0,0,0.0,,,0,0.0,86.0,157.4855,3.5,,,,104.26325,2020.0,False
F3,2021,K  Frederick,FRE,Carlin Buzz,4,,,22.25,17,29,0,0.0,0,0.0,,,0,0.0,85.0,166.07,5.123475382979799,,,,107.727,,False
F3,2021,D  Hauger,HAU,PREMA Racing,7,,,7.857142857142857,1,29,1,0.1428571428571428,2,0.2857142857142857,,,6,0.8571428571428571,144.0,164.43757142857143,9.633769968684316,,,,108.443,,False
F3,2021,J  Hoggard,HOG,Jenzer Motorsport,6,,,19.833333333333332,10,28,0,0.0,0,0.0,,,1,0.1666666666666666,122.0,162.55083333333332,5.980523945831726,,,,111.606,,False
F3,2021,J  Hughes,HUG,Carlin Buzz,1,,,16.0,16,16,0,0.0,0,0.0,,,0,0.0,20.0,130.118,,,,,108.37,,False
F3,2021,A  Iwasa,IWA,Hitech Grand Prix,7,,,12.714285714285714,8,16,0,0.0,0,0.0,,,2,0.2857142857142857,144.0,164.1692857142857,2.811540841738193,,,,109.63785714285714,,False
F3,2021,J  Correa,JCO,ART Grand Prix,7,,,17.857142857142858,12,29,0,0.0,0,0.0,,,0,0.0,144.0,163.57571428571427,5.814595756329395,,,,109.621,,False
F3,2021,L  Colombo,LCO,Campos Racing,7,,,16.428571428571427,2,28,0,0.0,1,0.1428571428571428,,,1,0.1428571428571428,140.0,162.32199999999995,8.059303999253347,,,,109.485,,False
F3,2021,A  Leclerc,LEC,PREMA Racing,7,,,9.857142857142858,2,16,0,0.0,1,0.1428571428571428,,,2,0.2857142857142857,133.0,166.7634285714286,4.775931721614517,,,,108.85242857142858,2018.0,False
F3,2021,V  Martins,MAR,MP Motorsport,7,,,13.571428571428571,3,30,0,0.0,1,0.1428571428571428,,,3,0.4285714285714285,144.0,164.20885714285714,10.469911538262757,,,,108.68828571428573,,False
F3,2021,M  Nannini,NAN,HWA RACELAB,7,,,20.0,3,30,0,0.0,1,0.1428571428571428,,,2,0.2857142857142857,144.0,161.89014285714285,10.770329614269007,,,,108.60171428571428,,False
F3,2021,C  Novalak,NOV,Trident,7,,,5.714285714285714,1,8,1,0.1428571428571428,1,0.1428571428571428,,,7,1.0,133.0,167.35685714285714,2.4976179127511156,,,,108.88242857142858,,False
F3,2021,O  Rasmussen,RAS,HWA RACELAB,7,,,20.0,3,28,0,0.0,1,0.1428571428571428,,,1,0.1428571428571428,142.0,162.78928571428574,8.346656017032611,,,,109.844,,False
F3,2021,L  Sargeant,SAR,Charouz Racing System,7,,,8.285714285714286,2,13,0,0.0,1,0.1428571428571428,,,6,0.8571428571428571,132.0,164.22357142857143,3.3022358947782497,,,,109.54471428571428,2023.0,True
F3,2021,D  Schumacher,SCH,Trident,7,,,13.142857142857142,1,30,1,0.1428571428571428,1,0.1428571428571428,,,3,0.4285714285714285,141.0,164.70328571428573,9.26334301478272,,,,109.316,1997.0,False
F3,2021,A  Simmons,SIM,Charouz Racing System,1,,,25.0,25,25,0,0.0,0,0.0,,,0,0.0,20.0,175.241,,,,,117.437,,False
F3,2021,A  Smolyar,SMO,ART Grand Prix,7,,,10.571428571428571,4,28,0,0.0,0,0.0,,,4,0.5714285714285714,144.0,164.31214285714285,8.18244345855081,,,,109.25157142857142,,False
F3,2021,R  Stanek,STA,Hitech Grand Prix,7,,,18.0,10,27,0,0.0,0,0.0,,,1,0.1428571428571428,142.0,160.83614285714287,6.298147875897061,,,,110.00714285714284,,False
F3,2021,L  Tóth,TOT,Campos Racing,6,,,21.666666666666668,3,27,0,0.0,1,0.1666666666666666,,,1,0.1666666666666666,121.0,163.4525,9.24481836850604,,,,107.11366666666667,,False
F3,2021,F  Ugran,UGR,Jenzer Motorsport,7,,,25.714285714285715,21,30,0,0.0,0,0.0,,,0,0.0,144.0,162.19142857142856,3.199702367110921,,,,110.28228571428572,,False
F3,2021,T  van der Helm,VAN,MP Motorsport,7,,,18.714285714285715,2,23,0,0.0,1,0.1428571428571428,,,1,0.1428571428571428,143.0,163.15642857142856,7.476948702830714,,,,110.0067142857143,2016.0,False
F3,2021,F  Vesti,VES,ART Grand Prix,7,,,7.428571428571429,3,10,0,0.0,1,0.1428571428571428,,,7,1.0,144.0,164.9997142857143,2.5071326821120348,,,,108.97171428571428,,False
F3,2021,R  Villagómez,VIL,HWA RACELAB,7,,,21.285714285714285,4,29,0,0.0,0,0.0,,,1,0.1428571428571428,118.0,144.61033333333333,8.994707438530833,,,,104.10433333333332,1996.0,False
F3,2021,C  Williams,WIL,Jenzer Motorsport,7,,,17.571428571428573,11,22,0,0.0,0,0.0,,,0,0.0,144.0,163.51542857142857,3.779644730092272,,,,109.60657142857144,,False
F3,2021,H  Yeany,YEA,Charouz Racing System,2,,,24.0,24,24,0,0.0,0,0.0,,,0,0.0,35.0,149.878,0.0,,,,117.0965,,False
