series,year,driver_name,driver_code,team_name,n_races,total_points,avg_points,avg_finish,best_finish,worst_finish,wins,win_rate,podiums,podium_rate,points_finishes,points_rate,top10_finishes,top10_rate,total_laps,avg_kph,avg_best_lap_s,finish_std,points_std,dnf_count,dnf_rate
F2,2017,A  Albon,ALB,ART Grand Prix,10,67.0,6.7,7.7,2,18,0,0.0,2,0.2,9,0.9,9,0.9,245.0,177.76600000000002,97.6208,4.498147766951785,6.4299645756757045,0,0.0
F2,2017,R  Binder,BIN,Rapax,1,0.0,0.0,17.0,17,17,0,0.0,0,0.0,0,0.0,0,0.0,28.0,169.58,89.032,,,0,0.0
F2,2017,R  Boschung,BOS,Campos Racing,10,2.0,0.2,16.2,9,19,0,0.0,0,0.0,1,0.1,1,0.1,195.0,174.4635,98.37910000000001,3.457680661303984,0.6324555320336759,5,0.5
F2,2017,S  Canamasas,CAN,Trident,7,14.0,2.0,12.428571428571429,4,19,0,0.0,0,0.0,2,0.2857142857142857,2,0.2857142857142857,170.0,172.14714285714285,96.40385714285715,5.223572942509207,4.47213595499958,1,0.14285714285714285
F2,2017,J  Cecotto,CEC,Rapax,4,21.0,5.25,9.0,2,15,0,0.0,1,0.25,3,0.75,3,0.75,100.0,166.8905,100.32425,5.354126134736337,8.539125638299666,0,0.0
F2,2017,S  Coletti,COL,Campos Racing,1,0.0,0.0,15.0,15,15,0,0.0,0,0.0,0,0.0,0,0.0,23.0,170.898,107.837,,,0,0.0
F2,2017,L  Delétraz,DEL,Racing Engineering,11,12.0,1.0909090909090908,13.090909090909092,4,19,0,0.0,0,0.0,1,0.09090909090909091,1,0.09090909090909091,262.0,177.4280909090909,99.8799090909091,3.832872172524031,3.618136134933164,1,0.09090909090909091
F2,2017,N  de Vries,DEV,Rapax,11,82.0,7.454545454545454,9.090909090909092,1,19,1,0.09090909090909091,3,0.2727272727272727,7,0.6363636363636364,7,0.6363636363636364,225.0,178.6483,99.5813,6.549115138009798,8.548258727526166,3,0.2727272727272727
F2,2017,S  Ferrucci,FER,Trident,5,1.0,0.2,13.2,10,15,0,0.0,0,0.0,1,0.2,1,0.2,117.0,182.0634,102.5616,1.9235384061671346,0.447213595499958,0,0.0
F2,2017,A  Fuoco,FUO,PREMA Racing,11,43.0,3.909090909090909,10.272727272727273,3,20,0,0.0,1,0.09090909090909091,6,0.5454545454545454,6,0.5454545454545454,239.0,178.2907,99.4134,5.197901674539623,5.430553295098861,1,0.09090909090909091
F2,2017,S  Gelael,GEL,Pertamina Arden,11,9.0,0.8181818181818182,13.272727272727273,6,17,0,0.0,0,0.0,2,0.18181818181818182,2,0.18181818181818182,266.0,177.2051818181818,99.40663636363637,3.5522080201167583,2.400757456228422,0,0.0
F2,2017,L  Ghiotto,GHI,RUSSIAN TIME,11,136.0,12.363636363636363,4.363636363636363,1,8,1,0.09090909090909091,4,0.36363636363636365,11,1.0,11,1.0,266.0,178.85781818181817,98.97836363636362,2.419616799112094,6.454033270331464,0,0.0
F2,2017,C  Ilott,ILO,Trident,1,0.0,0.0,14.0,14,14,0,0.0,0,0.0,0,0.0,0,0.0,21.0,197.572,104.97200000000001,,,0,0.0
F2,2017,N  Jeffri,JEF,Trident,11,0.0,0.0,15.545454545454545,11,18,0,0.0,0,0.0,0,0.0,0,0.0,266.0,176.06654545454546,100.15109090909091,2.3393860888547815,0.0,0,0.0
F2,2017,J  King,KIN,MP Motorsport,11,44.0,4.0,12.090909090909092,4,20,0,0.0,0,0.0,5,0.45454545454545453,5,0.45454545454545453,210.0,173.5629090909091,98.4259,6.891364820622188,4.979959839195494,4,0.36363636363636365
F2,2017,N  Latifi,LAT,DAMS,11,114.0,10.363636363636363,6.181818181818182,1,16,1,0.09090909090909091,5,0.45454545454545453,9,0.8181818181818182,9,0.8181818181818182,266.0,178.45663636363636,99.11781818181818,4.83359455929398,8.188683987952244,0,0.0
F2,2017,C  Leclerc,LEC,PREMA Racing,11,120.0,10.909090909090908,6.818181818181818,1,19,2,0.18181818181818182,3,0.2727272727272727,9,0.8181818181818182,9,0.8181818181818182,232.0,173.20772727272728,101.77609090909091,6.258085678834732,8.904544294398736,2,0.18181818181818182
F2,2017,G  Malja,MAL,Racing Engineering,11,25.0,2.272727272727273,12.909090909090908,3,18,0,0.0,1,0.09090909090909091,3,0.2727272727272727,3,0.2727272727272727,261.0,173.996,99.54872727272728,5.146932007605025,4.859854094330592,0,0.0
F2,2017,A  Markelov,MAR,RUSSIAN TIME,12,99.0,8.25,8.583333333333334,1,20,2,0.16666666666666666,3,0.25,9,0.75,9,0.75,260.0,179.69772727272726,98.78209090909091,6.570710952723642,9.096702699330127,2,0.16666666666666666
F2,2017,N  Matsushita,MAT,ART Grand Prix,11,84.0,7.636363636363637,8.454545454545455,1,19,2,0.18181818181818182,2,0.18181818181818182,7,0.6363636363636364,7,0.6363636363636364,262.0,179.48354545454546,99.153,5.627852811928123,9.362400624548464,1,0.09090909090909091
F2,2017,R  Merhi,MER,Rapax,4,19.0,4.75,8.25,5,12,0,0.0,0,0.0,3,0.75,3,0.75,87.0,187.69825,106.266,3.3040379335998353,4.9916597106239795,0,0.0
F2,2017,N  Nato,NAT,Pertamina Arden,11,63.0,5.7272727272727275,10.363636363636363,1,20,1,0.09090909090909091,1,0.09090909090909091,7,0.6363636363636364,7,0.6363636363636364,212.0,177.3193,98.8784,6.622276455611428,7.811413560821231,3,0.2727272727272727
F2,2017,L  Norris,NOR,Campos Racing,1,0.0,0.0,13.0,13,13,0,0.0,0,0.0,0,0.0,0,0.0,22.0,173.855,113.06700000000001,,,0,0.0
F2,2017,Á  Palou,PAL,Campos Racing,2,4.0,2.0,10.0,8,12,0,0.0,0,0.0,1,0.5,1,0.5,50.0,172.6355,102.10650000000001,2.8284271247461903,2.8284271247461903,0,0.0
F2,2017,O  Rowland,ROW,DAMS,11,93.0,8.454545454545455,7.7272727272727275,2,20,0,0.0,5,0.45454545454545453,8,0.7272727272727273,8,0.7272727272727273,252.0,178.4471818181818,99.35336363636362,6.182085555715145,7.6988783126327744,1,0.09090909090909091
F2,2017,S  Sette Câmara,SET,MP Motorsport,11,49.0,4.454545454545454,10.909090909090908,1,18,1,0.09090909090909091,2,0.18181818181818182,5,0.45454545454545453,5,0.45454545454545453,266.0,177.46,99.28427272727272,5.430553295098861,8.65290282348804,0,0.0
F2,2017,S  Sirotkin,SIR,ART Grand Prix,1,10.0,10.0,5.0,5,5,0,0.0,0,0.0,1,1.0,1,1.0,21.0,185.052,115.032,,,0,0.0
F2,2017,R  Visoiu,VIS,Campos Racing,7,0.0,0.0,15.714285714285714,11,20,0,0.0,0,0.0,0,0.0,0,0.0,156.0,180.49057142857143,98.56685714285713,3.3523268393901033,0.0,2,0.2857142857142857
F2,2018,J  Aitken,AIT,ART Grand Prix,12,32.0,2.6666666666666665,12.416666666666666,1,20,1,0.08333333333333333,1,0.08333333333333333,5,0.4166666666666667,5,0.4166666666666667,243.0,177.02690909090907,104.53720000000001,5.299371031861548,7.126561498217691,1,0.08333333333333333
F2,2018,A  Albon,ALB,DAMS,12,99.0,8.25,8.0,1,18,1,0.08333333333333333,4,0.3333333333333333,8,0.6666666666666666,8,0.6666666666666666,266.0,178.44908333333333,104.889,5.688904671695278,8.367958369442768,1,0.08333333333333333
F2,2018,D  Boccolacci,BOC,MP Motorsport,4,10.0,2.5,11.0,7,18,0,0.0,0,0.0,2,0.5,2,0.5,81.0,184.13299999999998,112.331,4.96655480858378,3.0,0,0.0
F2,2018,R  Boschung,BOS,MP Motorsport,10,12.0,1.2,13.7,7,19,0,0.0,0,0.0,3,0.3,3,0.3,177.0,180.4228888888889,104.11725,4.4234225060089685,2.1499353995462798,3,0.3
F2,2018,L  Delétraz,DEL,Charouz Racing System,12,41.0,3.4166666666666665,9.916666666666666,2,19,0,0.0,1,0.08333333333333333,6,0.5,6,0.5,269.0,177.896,105.23781818181818,4.35802985790876,5.696224161404614,1,0.08333333333333333
F2,2018,N  de Vries,DEV,PERTAMINA PREMA Theodore Racing,12,98.0,8.166666666666666,8.25,1,20,1,0.08333333333333333,2,0.16666666666666666,8,0.6666666666666666,8,0.6666666666666666,246.0,176.36266666666666,105.80230000000002,6.136700327463524,7.613783354528612,1,0.08333333333333333
F2,2018,S  Ferrucci,FER,Trident,7,39.0,5.571428571428571,9.857142857142858,1,20,1,0.14285714285714285,1,0.14285714285714285,4,0.5714285714285714,4,0.5714285714285714,167.0,175.41285714285712,102.30116666666667,6.011892975000232,8.978811035936085,1,0.14285714285714285
F2,2018,N  Fukuzumi,FUK,BWT Arden,12,20.0,1.6666666666666667,12.5,6,20,0,0.0,0,0.0,4,0.3333333333333333,4,0.3333333333333333,229.0,174.232,106.74980000000001,4.542726454054177,2.806917861068948,1,0.08333333333333333
F2,2018,A  Fuoco,FUO,Charouz Racing System,12,58.0,4.833333333333333,11.75,1,20,1,0.08333333333333333,1,0.08333333333333333,6,0.5,6,0.5,237.0,177.52936363636363,103.2855,6.890375369112537,7.825753908884706,1,0.08333333333333333
F2,2018,S  Gelael,GEL,PERTAMINA PREMA Theodore Racing,12,20.0,1.6666666666666667,14.916666666666666,4,20,0,0.0,0,0.0,2,0.16666666666666666,2,0.16666666666666666,203.0,175.97281818181818,103.958,5.501377238033356,3.9848196795824875,5,0.4166666666666667
F2,2018,L  Ghiotto,GHI,Campos Vexatec Racing,12,70.0,5.833333333333333,8.416666666666666,2,15,0,0.0,2,0.16666666666666666,8,0.6666666666666666,8,0.6666666666666666,272.0,178.04591666666667,104.91081818181819,4.378840305862092,6.307763374436203,0,0.0
F2,2018,M  Günther,GUN,BWT Arden,11,48.0,4.363636363636363,11.090909090909092,1,18,1,0.09090909090909091,2,0.18181818181818182,4,0.36363636363636365,4,0.36363636363636365,240.0,177.911,103.9192,5.629467922540202,8.697962143775142,2,0.18181818181818182
F2,2018,N  Kari,KAR,MP Motorsport,2,0.0,0.0,17.5,17,18,0,0.0,0,0.0,0,0.0,0,0.0,11.0,150.2175,113.398,0.7071067811865476,0.0,2,1.0
F2,2018,N  Latifi,LAT,DAMS,12,72.0,6.0,9.583333333333334,1,19,1,0.08333333333333333,1,0.08333333333333333,8,0.6666666666666666,8,0.6666666666666666,254.0,179.65536363636363,104.2741,5.86915408700178,7.567874686642695,1,0.08333333333333333
F2,2018,A  Lorandi,LOR,Trident,5,0.0,0.0,16.2,12,20,0,0.0,0,0.0,0,0.0,0,0.0,60.0,190.99133333333336,112.81099999999999,3.63318042491699,0.0,2,0.4
F2,2018,A  Maini,MAI,Trident,12,30.0,2.5,11.5,3,20,0,0.0,1,0.08333333333333333,5,0.4166666666666667,5,0.4166666666666667,255.0,179.00227272727273,104.1009,4.5427264540541765,4.622081388685877,0,0.0
F2,2018,T  Makino,MAK,RUSSIAN TIME,12,9.0,0.75,13.666666666666666,6,19,0,0.0,0,0.0,2,0.16666666666666666,2,0.16666666666666666,213.0,177.62654545454546,104.99680000000001,4.097301403104095,2.3011854652449344,3,0.25
F2,2018,A  Markelov,MAR,RUSSIAN TIME,12,126.0,10.5,6.833333333333333,1,19,2,0.16666666666666666,4,0.3333333333333333,9,0.75,9,0.75,255.0,172.24058333333335,103.3721,5.812734192088847,9.33712044378877,2,0.16666666666666666
F2,2018,R  Merhi,MER,MP Motorsport,10,39.0,3.9,10.6,3,18,0,0.0,1,0.1,5,0.5,5,0.5,225.0,171.2522,103.88877777777778,5.189733454940951,5.342700108039421,1,0.1
F2,2018,R  Nissany,NIS,Campos Vexatec Racing,10,3.0,0.3,14.2,9,18,0,0.0,0,0.0,2,0.2,2,0.2,214.0,173.79680000000002,114.73088888888888,2.780887148615228,0.6749485577105528,1,0.1
F2,2018,L  Norris,NOR,Carlin,12,128.0,10.666666666666666,5.5,2,16,0,0.0,4,0.3333333333333333,10,0.8333333333333334,10,0.8333333333333334,270.0,179.33450000000002,104.55790909090909,4.0787698680317375,5.913518155015419,1,0.08333333333333333
F2,2018,G  Russell,RUS,ART Grand Prix,12,145.0,12.083333333333334,7.166666666666667,1,20,3,0.25,5,0.4166666666666667,9,0.75,9,0.75,250.0,174.87816666666666,104.07018181818181,7.321615983241719,10.049498706026299,0,0.0
F2,2018,S  Sette Câmara,SET,Carlin,12,113.0,9.416666666666666,6.916666666666667,2,18,0,0.0,6,0.5,10,0.8333333333333334,10,0.8333333333333334,261.0,178.47491666666667,104.80372727272726,5.63202423376329,7.3169583016359185,2,0.16666666666666666
F2,2018,D  Ticktum,TIC,BWT Arden,1,0.0,0.0,16.0,16,16,0,0.0,0,0.0,0,0.0,0,0.0,3.0,132.128,162.528,,,1,1.0
F2,2019,A  Cordeel,ACO,Rodin Motorsport,12,4.0,0.3333333333333333,14.833333333333334,8,22,0,0.0,0,0.0,1,0.08333333333333333,1,0.08333333333333333,293.0,165.68975,102.03833333333334,3.761849963982502,1.1547005383792517,2,0.16666666666666666
F2,2019,D  Beganovic,BEG,Hitech TGR,14,81.0,5.785714285714286,8.357142857142858,3,15,0,0.0,2,0.14285714285714285,10,0.7142857142857143,10,0.7142857142857143,417.0,168.40014285714284,101.17135714285715,4.27168031894391,5.726840603395845,1,0.07142857142857142
F2,2019,J  Bennett,BEN,Van Amersfoort Racing,14,1.0,0.07142857142857142,16.0,10,20,0,0.0,0,0.0,1,0.07142857142857142,1,0.07142857142857142,398.0,166.48035714285714,101.65092857142858,3.551814270958522,0.2672612419124244,1,0.07142857142857142
F2,2019,L  Browning,BRO,Hitech TGR,14,144.0,10.285714285714286,7.0,1,20,1,0.07142857142857142,5,0.35714285714285715,11,0.7857142857142857,11,0.7857142857142857,419.0,168.22807142857144,101.28521428571428,6.312380996593428,7.858641215772721,0,0.0
F2,2019,J  Crawford,CRA,DAMS Lucas Oil,14,141.0,10.071428571428571,7.785714285714286,1,21,3,0.21428571428571427,5,0.35714285714285715,9,0.6428571428571429,9,0.6428571428571429,399.0,169.37707142857144,101.71864285714285,6.784354982418928,10.216610048304716,1,0.07142857142857142
F2,2019,A  Dunne,DUN,Rodin Motorsport,14,120.0,8.571428571428571,9.571428571428571,1,22,2,0.14285714285714285,5,0.35714285714285715,10,0.7142857142857143,10,0.7142857142857143,344.0,179.6846923076923,102.834,8.121332646557702,9.685153473342476,5,0.35714285714285715
F2,2019,J  Dürksen,DUR,AIX Racing,14,87.0,6.214285714285714,10.285714285714286,1,20,2,0.14285714285714285,4,0.2857142857142857,5,0.35714285714285715,5,0.35714285714285715,405.0,166.14521428571427,103.98964285714285,6.280967238455352,10.221986645902595,2,0.14285714285714285
F2,2019,M  Esterson,EST,TRIDENT,11,0.0,0.0,17.363636363636363,13,21,0,0.0,0,0.0,0,0.0,0,0.0,292.0,178.2223,102.3708,2.579640566928938,0.0,2,0.18181818181818182
F2,2019,L  Fornaroli,FOR,Invicta Racing,14,167.0,11.928571428571429,5.428571428571429,1,21,1,0.07142857142857142,6,0.42857142857142855,12,0.8571428571428571,12,0.8571428571428571,416.0,169.22085714285714,101.378,5.139803733371773,6.944442002441573,1,0.07142857142857142
F2,2019,O  Goethe,GOE,MP Motorsport,14,21.0,1.5,12.428571428571429,5,21,0,0.0,0,0.0,4,0.2857142857142857,4,0.2857142857142857,400.0,168.12514285714286,101.47314285714286,4.397801648626202,3.0571479921904086,1,0.07142857142857142
F2,2019,T  Inthraphuvasak,INT,TRIDENT,1,0.0,0.0,17.0,17,17,0,0.0,0,0.0,0,0.0,0,0.0,33.0,167.776,99.803,,,0,0.0
F2,2019,J  Martí,JMA,Campos Racing,12,68.0,5.666666666666667,8.5,3,20,0,0.0,1,0.08333333333333333,9,0.75,9,0.75,339.0,177.93581818181818,103.20645454545455,4.814750064314676,5.262791055796315,1,0.08333333333333333
F2,2019,A  Lindblad,LIN,Campos Racing,14,117.0,8.357142857142858,7.214285714285714,1,19,2,0.14285714285714285,2,0.14285714285714285,12,0.8571428571428571,12,0.8571428571428571,401.0,167.42714285714285,101.24121428571428,4.7260093985480855,8.139241533905524,2,0.14285714285714285
F2,2019,K  Maini,MAI,DAMS Lucas Oil,14,21.0,1.5,14.142857142857142,6,21,0,0.0,0,0.0,4,0.2857142857142857,4,0.2857142857142857,418.0,167.4775,101.8345,5.274862635574108,2.848751413406339,1,0.07142857142857142
F2,2019,S  Meguetounif,MEG,TRIDENT,11,1.0,0.09090909090909091,15.090909090909092,10,22,0,0.0,0,0.0,1,0.09090909090909091,1,0.09090909090909091,278.0,163.542,101.28054545454546,3.7270509911871463,0.30151134457776363,3,0.2727272727272727
F2,2019,G  Minì,MIN,PREMA Racing,14,50.0,3.5714285714285716,12.071428571428571,3,22,0,0.0,1,0.07142857142857142,8,0.5714285714285714,8,0.5714285714285714,356.0,177.06825,104.81666666666666,6.707794383737884,4.862957088886519,3,0.21428571428571427
F2,2019,R  Miyata,MIY,ART Grand Prix,14,22.0,1.5714285714285714,14.0,3,22,0,0.0,1,0.07142857142857142,4,0.2857142857142857,4,0.2857142857142857,338.0,175.84958333333336,105.50283333333333,5.233031185136907,4.032832288074507,3,0.21428571428571427
F2,2019,S  Montoya,MON,PREMA Racing,14,79.0,5.642857142857143,10.5,2,22,0,0.0,2,0.14285714285714285,9,0.6428571428571429,9,0.6428571428571429,388.0,167.52614285714284,101.6925,7.024681761201275,6.147008563985761,3,0.21428571428571427
F2,2019,C  Shields,SHI,AIX Racing,14,0.0,0.0,17.857142857142858,11,22,0,0.0,0,0.0,0,0.0,0,0.0,353.0,166.124,102.35253846153847,3.2783002832645987,0.0,3,0.21428571428571427
F2,2019,R  Stanek,STA,Invicta Racing,14,76.0,5.428571428571429,10.428571428571429,2,21,0,0.0,3,0.21428571428571427,7,0.5,7,0.5,393.0,168.96592857142858,101.78692857142858,6.57166745862975,7.41842079104219,2,0.14285714285714285
F2,2019,M  Stenshorne,STE,Rodin Motorsport,3,0.0,0.0,17.333333333333332,15,22,0,0.0,0,0.0,0,0.0,0,0.0,69.0,176.89766666666665,106.331,4.041451884327381,0.0,1,0.3333333333333333
F2,2019,N  Tsolov,TSO,Campos Racing,2,6.0,3.0,9.5,7,12,0,0.0,0,0.0,1,0.5,1,0.5,65.0,177.843,100.03200000000001,3.5355339059327378,4.242640687119285,0,0.0
F2,2019,L  van Hoepen,VAN,TRIDENT,3,0.0,0.0,19.0,17,22,0,0.0,0,0.0,0,0.0,0,0.0,61.0,177.25,108.723,2.6457513110645907,0.0,1,0.3333333333333333
F2,2019,R  Verschoor,VER,MP Motorsport,14,119.0,8.5,7.642857142857143,1,19,2,0.14285714285714285,3,0.21428571428571427,11,0.7857142857142857,11,0.7857142857142857,404.0,178.00561538461537,102.62230769230769,5.429366627703638,8.35509977844025,1,0.07142857142857142
F2,2019,R  Villagómez,VIL,Van Amersfoort Racing,14,29.0,2.0714285714285716,12.428571428571429,4,22,0,0.0,0,0.0,5,0.35714285714285715,5,0.35714285714285715,386.0,168.5325,101.83064285714285,5.345224838248487,3.812212878757826,2,0.14285714285714285
F2,2019,V  Martins,VMA,ART Grand Prix,14,60.0,4.285714285714286,12.642857142857142,1,22,1,0.07142857142857142,2,0.14285714285714285,6,0.42857142857142855,6,0.42857142857142855,301.0,176.68976923076923,104.14318181818182,7.023117244085835,7.487718882672751,6,0.42857142857142855
F2,2019,J  Wharton,WHA,TRIDENT,1,0.0,0.0,19.0,19,19,0,0.0,0,0.0,0,0.0,0,0.0,32.0,184.8,100.83500000000001,,,0,0.0
F2,2020,J  Aitken,AIT,Campos Racing,11,39.0,3.5454545454545454,11.272727272727273,3,19,0,0.0,1,0.09090909090909091,5,0.45454545454545453,5,0.45454545454545453,288.0,182.82690909090908,98.37845454545455,5.4053845208441755,4.967164912978759,2,0.18181818181818182
F2,2020,G  Alesi,ALE,BWT HWA RACELAB,12,9.0,0.75,16.416666666666668,6,22,0,0.0,0,0.0,2,0.16666666666666666,2,0.16666666666666666,275.0,183.37058333333334,97.49227272727272,4.9810245994781095,2.3011854652449344,3,0.25
F2,2020,M  Armstrong,ARM,ART Grand Prix,12,32.0,2.6666666666666665,12.0,3,22,0,0.0,1,0.08333333333333333,5,0.4166666666666667,5,0.4166666666666667,274.0,184.97736363636363,95.5370909090909,5.5432186252458715,5.15810630038395,2,0.16666666666666666
F2,2020,R  Boschung,BOS,Campos Racing,1,0.0,0.0,22.0,22,22,0,0.0,0,0.0,0,0.0,0,0.0,9.0,183.261,65.507,,,1,1.0
F2,2020,J  Daruvala,DAR,Carlin,12,64.0,5.333333333333333,10.416666666666666,1,21,1,0.08333333333333333,1,0.08333333333333333,8,0.6666666666666666,8,0.6666666666666666,308.0,183.15916666666666,95.44716666666666,6.374071530724132,7.438637868140465,1,0.08333333333333333
F2,2020,L  Delétraz,DEL,Charouz Racing System,12,103.0,8.583333333333334,7.083333333333333,2,18,0,0.0,4,0.3333333333333333,9,0.75,9,0.75,324.0,183.96641666666665,95.19675,5.160308893737649,7.279589565519766,0,0.0
F2,2020,F  Drugovich,DRU,MP Motorsport,12,47.0,3.9166666666666665,11.833333333333334,1,20,1,0.08333333333333333,1,0.08333333333333333,5,0.4166666666666667,5,0.4166666666666667,297.0,177.30175,94.02336363636364,5.905826604192497,7.216878364870322,2,0.16666666666666666
F2,2020,S  Gelael,GEL,DAMS,8,6.0,0.75,16.5,7,22,0,0.0,0,0.0,1,0.125,1,0.125,166.0,172.647,92.60285714285715,5.154748157905347,2.1213203435596424,4,0.5
F2,2020,L  Ghiotto,GHI,Hitech Grand Prix,12,69.0,5.75,10.916666666666666,1,21,1,0.08333333333333333,2,0.16666666666666666,8,0.6666666666666666,8,0.6666666666666666,278.0,181.22966666666665,95.84500000000001,7.304523297660198,8.280590668435545,3,0.25
F2,2020,J  Hughes,HUG,BWT HWA RACELAB,1,0.0,0.0,12.0,12,12,0,0.0,0,0.0,0,0.0,0,0.0,28.0,176.254,113.10300000000001,,,0,0.0
F2,2020,C  Ilott,ILO,UNI-Virtuosi,12,81.0,6.75,8.25,2,21,0,0.0,2,0.16666666666666666,10,0.8333333333333334,10,0.8333333333333334,317.0,185.23766666666666,95.13116666666667,5.4958662151243685,6.032111043106188,1,0.08333333333333333
F2,2020,C  Lundgaard,LUN,ART Grand Prix,12,101.0,8.416666666666666,9.5,1,22,2,0.16666666666666666,4,0.3333333333333333,6,0.5,6,0.5,295.0,184.20336363636363,93.59245454545454,7.633657529174811,10.058540770123786,1,0.08333333333333333
F2,2020,A  Markelov,MAR,BWT HWA RACELAB,12,1.0,0.08333333333333333,15.0,10,20,0,0.0,0,0.0,1,0.08333333333333333,1,0.08333333333333333,323.0,181.69925,95.64441666666666,3.4641016151377544,0.28867513459481287,0,0.0
F2,2020,N  Matsushita,MAT,MP Motorsport,9,39.0,4.333333333333333,11.666666666666666,1,22,1,0.1111111111111111,1,0.1111111111111111,3,0.3333333333333333,3,0.3333333333333333,217.0,185.20433333333332,95.65266666666668,6.442049363362563,8.336666000266533,1,0.1111111111111111
F2,2020,N  Mazepin,MAZ,Hitech Grand Prix,12,73.0,6.083333333333333,9.083333333333334,2,22,0,0.0,2,0.16666666666666666,9,0.75,9,0.75,318.0,180.21225,95.23033333333332,6.052172162024795,6.584531920042654,0,0.0
F2,2020,R  Nissany,NIS,Trident,12,7.0,0.5833333333333334,14.833333333333334,8,20,0,0.0,0,0.0,3,0.25,3,0.25,292.0,178.04208333333335,94.01445454545456,4.152399817265222,1.2401124093721456,2,0.16666666666666666
F2,2020,P  Piquet,PIQ,Charouz Racing System,12,0.0,0.0,14.333333333333334,11,19,0,0.0,0,0.0,0,0.0,0,0.0,322.0,183.06425000000002,95.49666666666667,2.4984843890695503,0.0,1,0.08333333333333333
F2,2020,T  Pourchaire,POU,BWT HWA RACELAB,2,0.0,0.0,21.5,21,22,0,0.0,0,0.0,0,0.0,0,0.0,38.0,180.7305,86.6125,0.7071067811865476,0.0,1,0.5
F2,2020,G  Samaia,SAM,Campos Racing,12,0.0,0.0,17.833333333333332,15,21,0,0.0,0,0.0,0,0.0,0,0.0,312.0,179.94458333333333,96.01216666666666,2.3290003057626296,0.0,2,0.16666666666666666
F2,2020,M  Sato,SAT,Trident,12,4.0,0.3333333333333333,15.333333333333334,8,21,0,0.0,0,0.0,1,0.08333333333333333,1,0.08333333333333333,297.0,177.55516666666665,97.72854545454544,3.9619401430321606,1.1547005383792515,1,0.08333333333333333
F2,2020,M  Schumacher,SCH,PREMA Racing,12,130.0,10.833333333333334,7.083333333333333,1,19,2,0.16666666666666666,5,0.4166666666666667,9,0.75,9,0.75,309.0,183.79708333333335,95.31633333333333,6.41671585970911,9.023538243075297,1,0.08333333333333333
F2,2020,R  Shwartzman,SHW,PREMA Racing,12,91.0,7.583333333333333,8.166666666666666,1,22,1,0.08333333333333333,2,0.16666666666666666,8,0.6666666666666666,8,0.6666666666666666,296.0,183.1191818181818,96.658,5.96708141439855,8.284249385357002,1,0.08333333333333333
F2,2020,D  Ticktum,TIC,DAMS,12,96.0,8.0,8.25,1,22,1,0.08333333333333333,4,0.3333333333333333,9,0.75,9,0.75,319.0,181.53816666666668,94.98083333333334,6.311965548932369,8.377458933460563,0,0.0
F2,2020,Y  Tsunoda,TSU,Carlin,12,110.0,9.166666666666666,9.916666666666666,1,22,2,0.16666666666666666,4,0.3333333333333333,6,0.5,6,0.5,284.0,182.646,94.47399999999999,8.404093519160046,10.347009522591833,2,0.16666666666666666
F2,2020,J  Vips,VIP,DAMS,4,15.0,3.75,11.5,3,21,0,0.0,1,0.25,1,0.25,1,0.25,78.0,198.98633333333336,103.88733333333334,7.371114795831994,7.5,1,0.25
F2,2020,G  Zhou,ZHO,UNI-Virtuosi,12,95.0,7.916666666666667,6.416666666666667,3,14,0,0.0,1,0.08333333333333333,11,0.9166666666666666,11,0.9166666666666666,324.0,184.23883333333333,95.24816666666668,3.028901190901153,4.601547829181222,0,0.0
F2,2021,J  Aitken,AIT,HWA RACELAB,3,0.0,0.0,15.333333333333334,11,18,0,0.0,0,0.0,0,0.0,0,0.0,97.0,167.15133333333333,101.30233333333332,3.7859388972001824,0.0,0,0.0
F2,2021,M  Armstrong,ARM,DAMS,8,17.0,2.125,13.375,5,22,0,0.0,0,0.0,3,0.375,3,0.375,171.0,172.49833333333333,100.18233333333335,6.4793628434548145,3.7961446607992015,3,0.375
F2,2021,D  Beckmann,BEC,Charouz Racing System,6,0.0,0.0,13.833333333333334,11,17,0,0.0,0,0.0,0,0.0,0,0.0,177.0,170.98466666666664,103.24916666666667,2.228601953392904,0.0,1,0.16666666666666666
F2,2021,R  Boschung,BOS,Campos Racing,8,30.0,3.75,9.875,5,15,0,0.0,0,0.0,5,0.625,5,0.625,232.0,170.988625,103.071875,4.223657859520077,4.200340122282616,0,0.0
F2,2021,J  Daruvala,DAR,Carlin Racing,8,25.0,3.125,10.875,5,22,0,0.0,0,0.0,4,0.5,4,0.5,207.0,170.763,102.548125,5.462534733462636,4.189698250300543,1,0.125
F2,2021,A  Deledda,DEL,HWA RACELAB,8,0.0,0.0,19.75,17,22,0,0.0,0,0.0,0,0.0,0,0.0,161.0,167.41383333333332,103.44,1.9820624179302295,0.0,3,0.375
F2,2021,J  Doohan,DOO,MP Motorsport,2,10.0,5.0,13.5,5,22,0,0.0,0,0.0,1,0.5,1,0.5,20.0,162.192,104.131,12.020815280171307,7.0710678118654755,1,0.5
F2,2021,F  Drugovich,DRU,UNI-Virtuosi,8,53.0,6.625,8.75,3,22,0,0.0,2,0.25,6,0.75,6,0.75,214.0,171.53842857142857,101.42514285714286,6.453127702351562,6.674846172652328,1,0.125
F2,2021,E  Fittipaldi,FIT,Charouz Racing System,3,6.0,2.0,12.0,7,17,0,0.0,0,0.0,1,0.3333333333333333,1,0.3333333333333333,68.0,170.70833333333334,103.74233333333332,5.0,3.4641016151377544,0,0.0
F2,2021,J  Hughes,HUG,HWA RACELAB,3,12.0,4.0,13.0,4,21,0,0.0,0,0.0,1,0.3333333333333333,1,0.3333333333333333,69.0,176.43866666666668,102.69333333333333,8.54400374531753,6.928203230275509,1,0.3333333333333333
F2,2021,L  Lawson,LAW,Hitech Grand Prix,8,29.0,3.625,12.5,3,20,0,0.0,1,0.125,3,0.375,3,0.375,203.0,172.04425,102.93237500000001,6.611677980232077,5.604526232048012,4,0.5
F2,2021,C  Lundgaard,LUN,ART Grand Prix,8,8.0,1.0,12.75,7,21,0,0.0,0,0.0,2,0.25,2,0.25,232.0,170.513625,102.82374999999999,4.301162633521313,2.138089935299395,0,0.0
F2,2021,M  Nannini,NAN,Campos Racing,3,1.0,0.3333333333333333,16.333333333333332,10,21,0,0.0,0,0.0,1,0.3333333333333333,1,0.3333333333333333,61.0,181.10750000000002,105.232,5.686240703077327,0.5773502691896258,1,0.3333333333333333
F2,2021,R  Nissany,NIS,DAMS,8,4.0,0.5,13.875,9,21,0,0.0,0,0.0,2,0.25,2,0.25,200.0,170.95557142857143,102.32785714285716,4.155461122770509,0.9258200997725515,1,0.125
F2,2021,C  Novalak,NOV,MP Motorsport,2,0.0,0.0,17.5,14,21,0,0.0,0,0.0,0,0.0,0,0.0,33.0,177.499,99.043,4.949747468305833,0.0,1,0.5
F2,2021,O  Caldwell,OCA,Campos Racing,2,0.0,0.0,15.0,12,18,0,0.0,0,0.0,0,0.0,0,0.0,53.0,169.619,102.3375,4.242640687119285,0.0,0,0.0
F2,2021,G  Petecof,PET,Campos Racing,2,0.0,0.0,18.0,16,20,0,0.0,0,0.0,0,0.0,0,0.0,56.0,147.684,96.5595,2.8284271247461903,0.0,1,0.5
F2,2021,O  Piastri,PIA,PREMA Racing,8,128.0,16.0,4.75,1,19,3,0.375,6,0.75,7,0.875,7,0.875,229.0,171.950875,102.50175,6.341473465550866,10.028530728448139,1,0.125
F2,2021,T  Pourchaire,POU,ART Grand Prix,8,75.0,9.375,7.0,1,20,1,0.125,1,0.125,7,0.875,7,0.875,205.0,161.111,100.32442857142857,5.732115042211108,7.614600636746674,1,0.125
F2,2021,G  Samaia,SAM,Charouz Racing System,8,0.0,0.0,17.5,13,22,0,0.0,0,0.0,0,0.0,0,0.0,180.0,168.10016666666667,104.277,3.0237157840738176,0.0,2,0.25
F2,2021,L  Sargeant,SAR,HWA RACELAB,1,0.0,0.0,18.0,18,18,0,0.0,0,0.0,0,0.0,0,0.0,5.0,130.175,162.813,,,1,1.0
F2,2021,M  Sato,SAT,Trident,8,0.0,0.0,15.75,13,20,0,0.0,0,0.0,0,0.0,0,0.0,211.0,168.542125,103.03625,2.604940361258638,0.0,1,0.125
F2,2021,R  Shwartzman,SHW,PREMA Racing,8,91.0,11.375,4.5,3,7,0,0.0,3,0.375,8,1.0,8,1.0,232.0,171.6595,102.41025,1.511857892036909,3.4615231989895516,0,0.0
F2,2021,D  Ticktum,TIC,Carlin Racing,8,100.0,12.5,5.625,1,19,1,0.125,4,0.5,7,0.875,7,0.875,222.0,171.919875,102.3845,5.878228596147944,8.211490207542807,1,0.125
F2,2021,R  Verschoor,VER,MP Motorsport,7,36.0,5.142857142857143,8.142857142857142,4,14,0,0.0,0,0.0,6,0.8571428571428571,6,0.8571428571428571,212.0,172.48685714285713,102.60928571428572,3.579039509354962,5.11300861947808,1,0.14285714285714285
F2,2021,J  Vips,VIP,Hitech Grand Prix,8,57.0,7.125,9.625,1,21,1,0.125,2,0.25,5,0.625,5,0.625,194.0,166.89325,102.685,6.968039281503185,9.341726668173134,2,0.25
F2,2021,B  Viscaal,VIS,Trident,8,18.0,2.25,13.5,2,20,0,0.0,1,0.125,1,0.125,1,0.125,215.0,170.25875,103.10075,5.52914356581818,6.363961030678928,2,0.25
F2,2021,L  Zendeli,ZEN,MP Motorsport,6,8.0,1.3333333333333333,12.5,8,20,0,0.0,0,0.0,4,0.6666666666666666,4,0.6666666666666666,167.0,171.164,103.21933333333334,5.128352561983234,1.505545305418162,1,0.16666666666666666
F2,2021,G  Zhou,ZHO,UNI-Virtuosi,8,100.0,12.5,6.625,1,21,2,0.25,4,0.5,6,0.75,6,0.75,214.0,171.76214285714286,101.152,7.1501748230375455,10.447145885018411,1,0.125
F2,2022,A  Cordeel,ACO,Van Amersfoort Racing,13,45.0,3.4615384615384617,13.23076923076923,1,22,1,0.07692307692307693,1,0.07692307692307693,4,0.3076923076923077,4,0.3076923076923077,332.0,166.88391666666666,97.43022222222221,6.469851185226315,7.14860574535791,1,0.07692307692307693
F2,2022,M  Armstrong,ARM,Hitech Grand Prix,14,46.0,3.2857142857142856,12.357142857142858,1,22,1,0.07142857142857142,1,0.07142857142857142,5,0.35714285714285715,5,0.35714285714285715,330.0,169.94438461538462,98.40244444444446,6.171985628094624,7.032108464077431,1,0.07142857142857142
F2,2022,D  Beckmann,BEC,Van Amersfoort Racing,7,24.0,3.4285714285714284,11.0,6,21,0,0.0,0,0.0,4,0.5714285714285714,4,0.5714285714285714,204.0,169.73600000000002,98.83133333333335,5.5677643628300215,3.59894164336975,0,0.0
F2,2022,C  Bölükbasi,BOL,Charouz Racing System,9,26.0,2.888888888888889,13.88888888888889,2,20,0,0.0,1,0.1111111111111111,2,0.2222222222222222,2,0.2222222222222222,187.0,171.63055555555556,101.4932,6.071335200028995,6.253887679764573,2,0.2222222222222222
F2,2022,R  Boschung,BOS,Campos Racing,11,35.0,3.1818181818181817,12.545454545454545,3,22,0,0.0,1,0.09090909090909091,5,0.45454545454545453,5,0.45454545454545453,213.0,171.17,104.6028,6.314485511324519,5.3069422800362505,2,0.18181818181818182
F2,2022,J  Daruvala,DAR,PREMA Racing,14,57.0,4.071428571428571,11.785714285714286,1,22,1,0.07142857142857142,1,0.07142857142857142,5,0.35714285714285715,5,0.35714285714285715,364.0,172.32785714285714,99.1011,6.530149856079656,7.446881492010193,0,0.0
F2,2022,J  Doohan,DOO,Virtuosi Racing,14,68.0,4.857142857142857,12.571428571428571,1,22,1,0.07142857142857142,3,0.21428571428571427,6,0.42857142857142855,6,0.42857142857142855,244.0,157.52742857142857,102.453,7.67327315290684,8.08471628213615,5,0.35714285714285715
F2,2022,F  Drugovich,DRU,MP Motorsport,14,143.0,10.214285714285714,5.642857142857143,1,12,1,0.07142857142857142,5,0.35714285714285715,12,0.8571428571428571,12,0.8571428571428571,372.0,173.71121428571428,99.20250000000001,3.6712425659471175,7.93413822986148,0,0.0
F2,2022,E  Fittipaldi,FIT,Charouz Racing System,14,115.0,8.214285714285714,6.928571428571429,1,14,1,0.07142857142857142,4,0.2857142857142857,11,0.7857142857142857,11,0.7857142857142857,376.0,172.89635714285714,99.6688,4.304993267470582,8.639609779547751,0,0.0
F2,2022,L  Ghiotto,GHI,DAMS,1,0.0,0.0,22.0,22,22,0,0.0,0,0.0,0,0.0,0,0.0,0.0,,,,,1,1.0
F2,2022,D  Hauger,HAU,PREMA Racing,14,85.0,6.071428571428571,12.142857142857142,1,22,2,0.14285714285714285,2,0.14285714285714285,6,0.42857142857142855,6,0.42857142857142855,329.0,173.46715384615385,100.17677777777777,7.764387566686396,9.294036845156192,2,0.14285714285714285
F2,2022,J  Hughes,HUG,Van Amersfoort Racing,8,41.0,5.125,9.125,2,17,0,0.0,1,0.125,5,0.625,5,0.625,183.0,177.767625,98.39,4.940720016932176,6.7493385919341335,0,0.0
F2,2022,A  Iwasa,IWA,DAMS,14,131.0,9.357142857142858,7.142857142857143,1,16,2,0.14285714285714285,5,0.35714285714285715,10,0.7142857142857143,10,0.7142857142857143,372.0,173.29914285714287,99.5531,5.186626929045398,8.819620983110005,1,0.07142857142857142
F2,2022,J  Correa,JCO,Van Amersfoort Racing,1,0.0,0.0,17.0,17,17,0,0.0,0,0.0,0,0.0,0,0.0,33.0,181.186,99.99600000000001,,,0,0.0
F2,2022,L  Lawson,LAW,Carlin,14,101.0,7.214285714285714,8.785714285714286,2,21,0,0.0,4,0.2857142857142857,9,0.6428571428571429,9,0.6428571428571429,353.0,173.14828571428572,99.3244,6.241037529974439,6.761640349780534,2,0.14285714285714285
F2,2022,Z  Maloney,MAL,Trident,1,0.0,0.0,16.0,16,16,0,0.0,0,0.0,0,0.0,0,0.0,33.0,181.484,100.13499999999999,,,0,0.0
F2,2022,R  Merhi,MER,Campos Racing,3,0.0,0.0,20.0,19,21,0,0.0,0,0.0,0,0.0,0,0.0,69.0,172.12800000000001,93.67333333333333,1.0,0.0,2,0.6666666666666666
F2,2022,R  Nissany,NIS,DAMS,13,8.0,0.6153846153846154,13.538461538461538,8,19,0,0.0,0,0.0,4,0.3076923076923077,4,0.3076923076923077,311.0,173.5996153846154,100.43477777777778,3.7994601505868486,1.192927878405448,2,0.15384615384615385
F2,2022,C  Novalak,NOV,MP Motorsport,14,21.0,1.5,13.5,4,21,0,0.0,0,0.0,5,0.35714285714285715,5,0.35714285714285715,316.0,168.7715,100.033,5.110321380831603,3.2522181779399544,3,0.21428571428571427
F2,2022,O  Caldwell,OCA,Campos Racing,13,37.0,2.8461538461538463,14.923076923076923,1,22,1,0.07692307692307693,1,0.07692307692307693,3,0.23076923076923078,3,0.23076923076923078,280.0,169.649,94.98685714285715,6.525099468737857,7.209324446462301,3,0.23076923076923078
F2,2022,T  Pourchaire,POU,ART Grand Prix,14,124.0,8.857142857142858,8.857142857142858,1,22,3,0.21428571428571427,5,0.35714285714285715,9,0.6428571428571429,9,0.6428571428571429,318.0,172.1293076923077,100.06411111111112,7.112904230580263,10.676048987243453,3,0.21428571428571427
F2,2022,L  Sargeant,SAR,Carlin,14,84.0,6.0,9.642857142857142,2,22,0,0.0,2,0.14285714285714285,10,0.7142857142857143,10,0.7142857142857143,287.0,178.24325,101.9065,6.570413203926345,5.724441524658171,3,0.21428571428571427
F2,2022,M  Sato,SAT,Virtuosi Racing,14,19.0,1.3571428571428572,15.0,3,22,0,0.0,1,0.07142857142857142,2,0.14285714285714285,2,0.14285714285714285,292.0,167.0876153846154,101.360625,5.363695626080098,4.068776849981461,3,0.21428571428571427
F2,2022,T  Calderón,TCA,Charouz Racing System,4,0.0,0.0,18.0,18,18,0,0.0,0,0.0,0,0.0,0,0.0,79.0,156.46566666666666,103.53099999999999,0.0,0.0,2,0.5
F2,2022,R  Verschoor,VER,Trident,14,67.0,4.785714285714286,11.071428571428571,2,22,0,0.0,1,0.07142857142857142,8,0.5714285714285714,8,0.5714285714285714,360.0,173.08328571428572,99.10679999999999,6.684819607649348,5.740256915029976,2,0.14285714285714285
F2,2022,F  Vesti,VES,ART Grand Prix,14,82.0,5.857142857142857,9.071428571428571,2,22,0,0.0,2,0.14285714285714285,8,0.5714285714285714,8,0.5714285714285714,344.0,171.807,98.08933333333333,5.71723824821156,6.549893045012178,1,0.07142857142857142
F2,2022,J  Vips,VIP,Hitech Grand Prix,14,49.0,3.5,11.785714285714286,3,20,0,0.0,1,0.07142857142857142,6,0.42857142857142855,6,0.42857142857142855,331.0,171.54657142857144,99.4069,6.040613461314255,4.973004044917843,2,0.14285714285714285
F2,2022,C  Williams,WIL,Trident,13,6.0,0.46153846153846156,14.692307692307692,7,18,0,0.0,0,0.0,1,0.07692307692307693,1,0.07692307692307693,310.0,170.6503846153846,99.9831111111111,3.092588327615327,1.6641005886756874,2,0.15384615384615385
F2,2022,L  Zendeli,ZEN,Campos Racing,1,0.0,0.0,21.0,21,21,0,0.0,0,0.0,0,0.0,0,0.0,22.0,198.467,123.759,,,1,1.0
F2,2023,A  Cordeel,ACO,Invicta Virtuosi Racing,13,8.0,0.6153846153846154,16.46153846153846,8,22,0,0.0,0,0.0,2,0.15384615384615385,2,0.15384615384615385,387.0,166.44392307692306,98.39323076923077,4.6118576267303375,1.5021352323976214,1,0.07692307692307693
F2,2023,P  Aron,ARO,Trident,1,0.0,0.0,18.0,18,18,0,0.0,0,0.0,0,0.0,0,0.0,32.0,178.363,99.55,,,0,0.0
F2,2023,O  Bearman,BEA,PREMA Racing,13,96.0,7.384615384615385,9.76923076923077,1,21,3,0.23076923076923078,3,0.23076923076923078,7,0.5384615384615384,7,0.5384615384615384,392.0,167.55584615384618,97.59192307692307,6.784220001270671,10.484420676559909,2,0.15384615384615385
F2,2023,B  Benavides,BEN,PHM Racing by Charouz,9,0.0,0.0,18.0,12,22,0,0.0,0,0.0,0,0.0,0,0.0,255.0,164.25044444444444,95.791125,3.774917217635375,0.0,2,0.2222222222222222
F2,2023,R  Boschung,BOS,Campos Racing,13,21.0,1.6153846153846154,14.846153846153847,2,21,0,0.0,1,0.07692307692307693,3,0.23076923076923078,3,0.23076923076923078,408.0,167.34753846153848,98.471,5.209704947597863,4.9588046533155135,2,0.15384615384615385
F2,2023,F  Colapinto,COL,MP Motorsport,1,0.0,0.0,22.0,22,22,0,0.0,0,0.0,0,0.0,0,0.0,15.0,144.341,100.48599999999999,,,1,1.0
F2,2023,J  Crawford,CRA,Hitech Pulse-Eight,13,24.0,1.8461538461538463,12.461538461538462,3,22,0,0.0,1,0.07692307692307693,6,0.46153846153846156,6,0.46153846153846156,390.0,171.5816923076923,98.12100000000001,4.926381102719396,4.119995021157061,3,0.23076923076923078
F2,2023,J  Daruvala,DAR,MP Motorsport,12,38.0,3.1666666666666665,11.416666666666666,3,18,0,0.0,1,0.08333333333333333,5,0.4166666666666667,5,0.4166666666666667,386.0,167.76883333333333,97.48266666666666,5.035480176314927,4.951277765905637,1,0.08333333333333333
F2,2023,J  Doohan,DOO,Invicta Virtuosi Racing,13,137.0,10.538461538461538,8.153846153846153,1,22,3,0.23076923076923078,4,0.3076923076923077,9,0.6923076923076923,9,0.6923076923076923,374.0,174.49708333333334,98.34224999999999,7.459291229133345,9.946652574403986,2,0.15384615384615385
F2,2023,E  Fittipaldi,FIT,Carlin,13,95.0,7.3076923076923075,8.461538461538462,2,21,0,0.0,3,0.23076923076923078,10,0.7692307692307693,10,0.7692307692307693,401.0,173.39092307692306,97.52715384615385,6.239863575103021,6.549613415876994,2,0.15384615384615385
F2,2023,I  Hadjar,HAD,Hitech Pulse-Eight,13,34.0,2.6153846153846154,11.538461538461538,5,20,0,0.0,0,0.0,6,0.46153846153846156,6,0.46153846153846156,415.0,169.46169230769232,97.55907692307693,5.059897637557908,3.5009156311471226,1,0.07692307692307693
F2,2023,D  Hauger,HAU,MP Motorsport,13,62.0,4.769230769230769,10.153846153846153,5,20,0,0.0,0,0.0,8,0.6153846153846154,8,0.6153846153846154,391.0,163.898,97.90276923076924,5.843032230017702,4.361839179250081,3,0.23076923076923078
F2,2023,A  Iwasa,IWA,DAMS,13,124.0,9.538461538461538,7.0,1,21,1,0.07692307692307693,3,0.23076923076923078,10,0.7692307692307693,10,0.7692307692307693,406.0,166.70538461538462,95.42908333333334,5.802298395176403,8.078937477739927,1,0.07692307692307693
F2,2023,J  Correa,JCO,Van Amersfoort Racing,13,5.0,0.38461538461538464,12.923076923076923,9,18,0,0.0,0,0.0,4,0.3076923076923077,4,0.3076923076923077,430.0,168.97061538461537,97.91423076923077,3.0676141234282404,0.6504436355879909,0,0.0
F2,2023,A  Leclerc,LEC,DAMS,13,39.0,3.0,11.76923076923077,3,22,0,0.0,1,0.07692307692307693,6,0.46153846153846156,6,0.46153846153846156,360.0,173.55176923076922,97.46630769230768,6.043644680624518,4.654746681256314,3,0.23076923076923078
F2,2023,K  Maini,MAI,Campos Racing,13,36.0,2.769230769230769,12.615384615384615,4,20,0,0.0,0,0.0,6,0.46153846153846156,6,0.46153846153846156,401.0,168.25446153846153,97.55476923076922,5.881304582296652,4.044622894532241,3,0.23076923076923078
F2,2023,Z  Maloney,MAL,Carlin,13,88.0,6.769230769230769,10.076923076923077,2,19,0,0.0,4,0.3076923076923077,6,0.46153846153846156,6,0.46153846153846156,410.0,168.70892307692307,97.5476923076923,6.873397249074852,7.886209970087513,2,0.15384615384615385
F2,2023,J  Mason,MAS,PHM Racing by Charouz,4,0.0,0.0,15.0,12,19,0,0.0,0,0.0,0,0.0,0,0.0,121.0,169.552,101.49674999999999,2.943920288775949,0.0,1,0.25
F2,2023,R  Nissany,NIS,PHM Racing by Charouz,13,0.0,0.0,14.846153846153847,11,21,0,0.0,0,0.0,0,0.0,0,0.0,422.0,169.534,97.90338461538462,3.31275700502753,0.0,1,0.07692307692307693
F2,2023,C  Novalak,NOV,Trident,12,25.0,2.0833333333333335,14.833333333333334,1,22,1,0.08333333333333333,1,0.08333333333333333,1,0.08333333333333333,1,0.08333333333333333,331.0,166.59799999999998,97.98154545454545,5.843929769557053,7.216878364870322,2,0.16666666666666666
F2,2023,T  Pourchaire,POU,ART Grand Prix,13,154.0,11.846153846153847,5.769230769230769,1,21,1,0.07692307692307693,7,0.5384615384615384,11,0.8461538461538461,11,0.8461538461538461,401.0,169.50253846153845,97.39115384615386,5.599908424159662,7.54813612584981,1,0.07692307692307693
F2,2023,R  Stanek,STA,Trident,13,9.0,0.6923076923076923,14.307692307692308,7,22,0,0.0,0,0.0,3,0.23076923076923078,3,0.23076923076923078,363.0,170.19508333333332,97.10783333333335,4.9897330487147205,1.7021856236720767,3,0.23076923076923078
F2,2023,R  Verschoor,VER,Van Amersfoort Racing,13,85.0,6.538461538461538,8.538461538461538,1,20,1,0.07692307692307693,1,0.07692307692307693,10,0.7692307692307693,10,0.7692307692307693,420.0,168.42015384615385,97.5383076923077,5.301185160184852,7.229746245147942,1,0.07692307692307693
F2,2023,F  Vesti,VES,PREMA Racing,13,130.0,10.0,9.846153846153847,1,22,2,0.15384615384615385,5,0.38461538461538464,8,0.6153846153846154,8,0.6153846153846154,298.0,164.28272727272727,93.9119,9.109026236341565,9.433981132056603,5,0.38461538461538464
F2,2023,V  Martins,VMA,ART Grand Prix,13,103.0,7.923076923076923,9.076923076923077,1,21,1,0.07692307692307693,4,0.3076923076923077,9,0.6923076923076923,9,0.6923076923076923,377.0,167.13846153846154,96.09616666666666,7.123453498380525,8.420822787011755,4,0.3076923076923077
F2,2024,A  Cordeel,ACO,Hitech Pulse-Eight,14,20.0,1.4285714285714286,14.0,7,21,0,0.0,0,0.0,4,0.2857142857142857,4,0.2857142857142857,337.0,172.8595,98.06141666666667,5.233031185136908,2.408775166385979,4,0.2857142857142857
F2,2024,A  Antonelli,ANT,PREMA Racing,14,95.0,6.785714285714286,9.071428571428571,1,22,1,0.07142857142857142,2,0.14285714285714285,9,0.6428571428571429,9,0.6428571428571429,360.0,173.80815384615383,96.79581818181818,6.580440547729141,7.73780501005462,2,0.14285714285714285
F2,2024,P  Aron,ARO,Hitech Pulse-Eight,14,112.0,8.0,9.428571428571429,1,22,1,0.07142857142857142,4,0.2857142857142857,9,0.6428571428571429,9,0.6428571428571429,349.0,172.59646153846154,97.51345454545454,7.643139565491555,8.208813275048676,3,0.21428571428571427
F2,2024,T  Barnard,BAR,AIX Racing,10,6.0,0.6,14.5,8,20,0,0.0,0,0.0,2,0.2,2,0.2,297.0,175.1875,95.90277777777777,4.249182927993987,1.349897115421106,1,0.1
F2,2024,O  Bearman,BEA,PREMA Racing,13,39.0,3.0,12.076923076923077,4,21,0,0.0,0,0.0,6,0.46153846153846156,6,0.46153846153846156,350.0,179.65324999999999,93.4313,5.736746151805605,4.08248290463863,2,0.15384615384615385
F2,2024,D  Beganovic,BEG,DAMS Lucas Oil,2,28.0,14.0,3.5,2,5,0,0.0,1,0.5,2,1.0,2,1.0,42.0,186.29,99.05199999999999,2.1213203435596424,5.656854249492381,0,0.0
F2,2024,J  Bennett,BEN,Van Amersfoort Racing,2,4.0,2.0,13.0,8,18,0,0.0,0,0.0,1,0.5,1,0.5,41.0,184.1955,100.251,7.0710678118654755,2.8284271247461903,0,0.0
F2,2024,G  Bortoleto,BOR,Invicta Racing,14,173.0,12.357142857142858,5.642857142857143,1,20,3,0.21428571428571427,6,0.42857142857142855,12,0.8571428571428571,12,0.8571428571428571,386.0,163.51992857142858,97.41516666666666,5.372395868012461,9.111338184728053,1,0.07142857142857142
F2,2024,L  Browning,BRO,ART Grand Prix,3,10.0,3.3333333333333335,10.0,7,15,0,0.0,0,0.0,2,0.6666666666666666,2,0.6666666666666666,59.0,151.73,107.7735,4.358898943540674,3.0550504633038935,0,0.0
F2,2024,F  Colapinto,COL,MP Motorsport,10,87.0,8.7,7.7,2,22,0,0.0,3,0.3,7,0.7,7,0.7,299.0,176.4531111111111,92.22275,6.429964575675705,7.149980574954188,2,0.2
F2,2024,J  Crawford,CRA,DAMS Lucas Oil,14,74.0,5.285714285714286,10.857142857142858,1,22,1,0.07142857142857142,3,0.21428571428571427,8,0.5714285714285714,8,0.5714285714285714,336.0,175.60015384615386,98.89909090909092,6.712298045747452,7.730345513509843,3,0.21428571428571427
F2,2024,J  Dürksen,DUR,AIX Racing,14,56.0,4.0,12.214285714285714,3,21,0,0.0,1,0.07142857142857142,6,0.42857142857142855,6,0.42857142857142855,333.0,171.30135714285714,101.98925000000001,6.773007188363701,5.615911461059686,4,0.2857142857142857
F2,2024,M  Esterson,EST,Trident,2,0.0,0.0,17.5,17,18,0,0.0,0,0.0,0,0.0,0,0.0,41.0,182.974,99.648,0.7071067811865476,0.0,0,0.0
F2,2024,E  Fittipaldi,FIT,Van Amersfoort Racing,12,45.0,3.75,11.416666666666666,2,22,0,0.0,1,0.08333333333333333,5,0.4166666666666667,5,0.4166666666666667,324.0,169.81918181818182,96.5034,6.156420644458527,6.151496491985434,2,0.16666666666666666
F2,2024,L  Fornaroli,FOR,Rodin Motorsport,1,8.0,8.0,6.0,6,6,0,0.0,0,0.0,1,1.0,1,1.0,12.0,197.113,,,,0,0.0
F2,2024,O  Goethe,GOE,MP Motorsport,4,12.0,3.0,13.25,4,19,0,0.0,0,0.0,1,0.25,1,0.25,71.0,191.42466666666667,96.04050000000001,6.5,6.0,1,0.25
F2,2024,I  Hadjar,HAD,Campos Racing,14,161.0,11.5,8.0,1,21,4,0.2857142857142857,7,0.5,8,0.5714285714285714,8,0.5714285714285714,371.0,174.68053846153848,96.62190909090909,7.8151726197777025,11.16829303120084,1,0.07142857142857142
F2,2024,D  Hauger,HAU,MP Motorsport,12,49.0,4.083333333333333,11.416666666666666,1,22,1,0.08333333333333333,1,0.08333333333333333,6,0.5,6,0.5,287.0,170.30045454545456,98.1075,6.416715859709111,7.242028009954788,3,0.25
F2,2024,J  Correa,JCO,DAMS Lucas Oil,12,31.0,2.5833333333333335,13.166666666666666,3,20,0,0.0,1,0.08333333333333333,4,0.3333333333333333,4,0.3333333333333333,318.0,163.79958333333335,98.22627272727273,5.921199714636052,4.907477288111819,3,0.25
F2,2024,J  Martí,JMA,Campos Racing,14,21.0,1.5,13.857142857142858,2,22,0,0.0,1,0.07142857142857142,3,0.21428571428571427,3,0.21428571428571427,364.0,180.02616666666665,93.0721,5.40451581631428,4.783786720226496,3,0.21428571428571427
F2,2024,N  Koolen,KOO,AIX Racing,2,0.0,0.0,19.5,19,20,0,0.0,0,0.0,0,0.0,0,0.0,30.0,200.355,94.22800000000001,0.7071067811865476,0.0,1,0.5
F2,2024,K  Maini,MAI,Invicta Racing,14,20.0,1.4285714285714286,14.642857142857142,6,21,0,0.0,0,0.0,3,0.21428571428571427,3,0.21428571428571427,392.0,179.57323076923075,95.25418181818182,5.001648080031573,2.8746715053613108,1,0.07142857142857142
F2,2024,Z  Maloney,MAL,Rodin Motorsport,13,94.0,7.230769230769231,9.153846153846153,1,22,1,0.07692307692307693,4,0.3076923076923077,9,0.6923076923076923,9,0.6923076923076923,334.0,169.82823076923074,97.67858333333334,6.86593224850243,8.776425298812782,2,0.15384615384615385
F2,2024,C  Mansell,MAN,Trident,3,9.0,3.0,11.666666666666666,6,19,0,0.0,0,0.0,2,0.6666666666666666,2,0.6666666666666666,58.0,151.64766666666665,108.5715,6.658328118479393,4.358898943540674,0,0.0
F2,2024,G  Minì,MIN,PREMA Racing,1,0.0,0.0,16.0,16,16,0,0.0,0,0.0,0,0.0,0,0.0,14.0,80.32,116.69200000000001,,,1,1.0
F2,2024,R  Miyata,MIY,Rodin Motorsport,14,38.0,2.7142857142857144,11.857142857142858,3,19,0,0.0,1,0.07142857142857142,6,0.42857142857142855,6,0.42857142857142855,406.0,171.41385714285713,97.66866666666665,4.943638380743522,4.6314737881747154,1,0.07142857142857142
F2,2024,Z  O'Sullivan,OSU,ART Grand Prix,11,63.0,5.7272727272727275,10.0,1,22,1,0.09090909090909091,1,0.09090909090909091,5,0.45454545454545453,5,0.45454545454545453,326.0,179.8230909090909,95.5981,6.276941930590086,8.36768676625636,1,0.09090909090909091
F2,2024,C  Shields,SHI,AIX Racing,2,0.0,0.0,15.5,11,20,0,0.0,0,0.0,0,0.0,0,0.0,41.0,182.73149999999998,100.89099999999999,6.363961030678928,0.0,0,0.0
F2,2024,R  Stanek,STA,Trident,11,0.0,0.0,15.636363636363637,11,18,0,0.0,0,0.0,0,0.0,0,0.0,353.0,177.99254545454548,95.25550000000001,2.335496832484569,0.0,0,0.0
F2,2024,R  Verschoor,VER,Trident,14,78.0,5.571428571428571,10.857142857142858,1,20,1,0.07142857142857142,3,0.21428571428571427,7,0.5,7,0.5,376.0,172.82150000000001,97.61766666666666,6.549893045012178,7.949013346750224,3,0.21428571428571427
F2,2024,R  Villagómez,VIL,Van Amersfoort Racing,14,9.0,0.6428571428571429,15.928571428571429,8,22,0,0.0,0,0.0,3,0.21428571428571427,3,0.21428571428571427,319.0,174.71984615384616,101.18400000000001,4.81127339156191,1.4468609447374665,4,0.2857142857142857
F2,2024,V  Martins,VMA,ART Grand Prix,14,72.0,5.142857142857143,10.214285714285714,2,21,0,0.0,2,0.14285714285714285,9,0.6428571428571429,9,0.6428571428571429,332.0,167.58076923076925,102.90945454545454,6.387229704394801,6.549893045012178,3,0.21428571428571427
F2,2025,A  Cordeel,ACO,Rodin Motorsport,12,4.0,0.3333333333333333,14.833333333333334,8,22,0,0.0,0,0.0,1,0.08333333333333333,1,0.08333333333333333,293.0,165.68975,102.03833333333334,3.761849963982502,1.1547005383792517,2,0.16666666666666666
F2,2025,D  Beganovic,BEG,Hitech TGR,14,81.0,5.785714285714286,8.357142857142858,3,15,0,0.0,2,0.14285714285714285,10,0.7142857142857143,10,0.7142857142857143,417.0,168.40014285714284,101.17135714285715,4.27168031894391,5.726840603395845,1,0.07142857142857142
F2,2025,J  Bennett,BEN,Van Amersfoort Racing,14,1.0,0.07142857142857142,16.0,10,20,0,0.0,0,0.0,1,0.07142857142857142,1,0.07142857142857142,398.0,166.48035714285714,101.65092857142858,3.551814270958522,0.2672612419124244,1,0.07142857142857142
F2,2025,L  Browning,BRO,Hitech TGR,14,144.0,10.285714285714286,7.0,1,20,1,0.07142857142857142,5,0.35714285714285715,11,0.7857142857142857,11,0.7857142857142857,419.0,168.22807142857144,101.28521428571428,6.312380996593428,7.858641215772721,0,0.0
F2,2025,J  Crawford,CRA,DAMS Lucas Oil,14,141.0,10.071428571428571,7.785714285714286,1,21,3,0.21428571428571427,5,0.35714285714285715,9,0.6428571428571429,9,0.6428571428571429,399.0,169.37707142857144,101.71864285714285,6.784354982418928,10.216610048304716,1,0.07142857142857142
F2,2025,A  Dunne,DUN,Rodin Motorsport,14,120.0,8.571428571428571,9.571428571428571,1,22,2,0.14285714285714285,5,0.35714285714285715,10,0.7142857142857143,10,0.7142857142857143,344.0,179.6846923076923,102.834,8.121332646557702,9.685153473342476,5,0.35714285714285715
F2,2025,J  Dürksen,DUR,AIX Racing,14,87.0,6.214285714285714,10.285714285714286,1,20,2,0.14285714285714285,4,0.2857142857142857,5,0.35714285714285715,5,0.35714285714285715,405.0,166.14521428571427,103.98964285714285,6.280967238455352,10.221986645902595,2,0.14285714285714285
F2,2025,M  Esterson,EST,TRIDENT,11,0.0,0.0,17.363636363636363,13,21,0,0.0,0,0.0,0,0.0,0,0.0,292.0,178.2223,102.3708,2.579640566928938,0.0,2,0.18181818181818182
F2,2025,L  Fornaroli,FOR,Invicta Racing,14,167.0,11.928571428571429,5.428571428571429,1,21,1,0.07142857142857142,6,0.42857142857142855,12,0.8571428571428571,12,0.8571428571428571,416.0,169.22085714285714,101.378,5.139803733371773,6.944442002441573,1,0.07142857142857142
F2,2025,O  Goethe,GOE,MP Motorsport,14,21.0,1.5,12.428571428571429,5,21,0,0.0,0,0.0,4,0.2857142857142857,4,0.2857142857142857,400.0,168.12514285714286,101.47314285714286,4.397801648626202,3.0571479921904086,1,0.07142857142857142
F2,2025,T  Inthraphuvasak,INT,TRIDENT,1,0.0,0.0,17.0,17,17,0,0.0,0,0.0,0,0.0,0,0.0,33.0,167.776,99.803,,,0,0.0
F2,2025,J  Martí,JMA,Campos Racing,12,68.0,5.666666666666667,8.5,3,20,0,0.0,1,0.08333333333333333,9,0.75,9,0.75,339.0,177.93581818181818,103.20645454545455,4.814750064314676,5.262791055796315,1,0.08333333333333333
F2,2025,A  Lindblad,LIN,Campos Racing,14,117.0,8.357142857142858,7.214285714285714,1,19,2,0.14285714285714285,2,0.14285714285714285,12,0.8571428571428571,12,0.8571428571428571,401.0,167.42714285714285,101.24121428571428,4.7260093985480855,8.139241533905524,2,0.14285714285714285
F2,2025,K  Maini,MAI,DAMS Lucas Oil,14,21.0,1.5,14.142857142857142,6,21,0,0.0,0,0.0,4,0.2857142857142857,4,0.2857142857142857,418.0,167.4775,101.8345,5.274862635574108,2.848751413406339,1,0.07142857142857142
F2,2025,S  Meguetounif,MEG,TRIDENT,11,1.0,0.09090909090909091,15.090909090909092,10,22,0,0.0,0,0.0,1,0.09090909090909091,1,0.09090909090909091,278.0,163.542,101.28054545454546,3.7270509911871463,0.30151134457776363,3,0.2727272727272727
F2,2025,G  Minì,MIN,PREMA Racing,14,50.0,3.5714285714285716,12.071428571428571,3,22,0,0.0,1,0.07142857142857142,8,0.5714285714285714,8,0.5714285714285714,356.0,177.06825,104.81666666666666,6.707794383737884,4.862957088886519,3,0.21428571428571427
F2,2025,R  Miyata,MIY,ART Grand Prix,14,22.0,1.5714285714285714,14.0,3,22,0,0.0,1,0.07142857142857142,4,0.2857142857142857,4,0.2857142857142857,338.0,175.84958333333336,105.50283333333333,5.233031185136907,4.032832288074507,3,0.21428571428571427
F2,2025,S  Montoya,MON,PREMA Racing,14,79.0,5.642857142857143,10.5,2,22,0,0.0,2,0.14285714285714285,9,0.6428571428571429,9,0.6428571428571429,388.0,167.52614285714284,101.6925,7.024681761201275,6.147008563985761,3,0.21428571428571427
F2,2025,C  Shields,SHI,AIX Racing,14,0.0,0.0,17.857142857142858,11,22,0,0.0,0,0.0,0,0.0,0,0.0,353.0,166.124,102.35253846153847,3.2783002832645987,0.0,3,0.21428571428571427
F2,2025,R  Stanek,STA,Invicta Racing,14,76.0,5.428571428571429,10.428571428571429,2,21,0,0.0,3,0.21428571428571427,7,0.5,7,0.5,393.0,168.96592857142858,101.78692857142858,6.57166745862975,7.41842079104219,2,0.14285714285714285
F2,2025,M  Stenshorne,STE,Rodin Motorsport,3,0.0,0.0,17.333333333333332,15,22,0,0.0,0,0.0,0,0.0,0,0.0,69.0,176.89766666666665,106.331,4.041451884327381,0.0,1,0.3333333333333333
F2,2025,N  Tsolov,TSO,Campos Racing,2,6.0,3.0,9.5,7,12,0,0.0,0,0.0,1,0.5,1,0.5,65.0,177.843,100.03200000000001,3.5355339059327378,4.242640687119285,0,0.0
F2,2025,L  van Hoepen,VAN,TRIDENT,3,0.0,0.0,19.0,17,22,0,0.0,0,0.0,0,0.0,0,0.0,61.0,177.25,108.723,2.6457513110645907,0.0,1,0.3333333333333333
F2,2025,R  Verschoor,VER,MP Motorsport,14,119.0,8.5,7.642857142857143,1,19,2,0.14285714285714285,3,0.21428571428571427,11,0.7857142857142857,11,0.7857142857142857,404.0,178.00561538461537,102.62230769230769,5.429366627703638,8.35509977844025,1,0.07142857142857142
F2,2025,R  Villagómez,VIL,Van Amersfoort Racing,14,29.0,2.0714285714285716,12.428571428571429,4,22,0,0.0,0,0.0,5,0.35714285714285715,5,0.35714285714285715,386.0,168.5325,101.83064285714285,5.345224838248487,3.812212878757826,2,0.14285714285714285
F2,2025,V  Martins,VMA,ART Grand Prix,14,60.0,4.285714285714286,12.642857142857142,1,22,1,0.07142857142857142,2,0.14285714285714285,6,0.42857142857142855,6,0.42857142857142855,301.0,176.68976923076923,104.14318181818182,7.023117244085835,7.487718882672751,6,0.42857142857142855
F2,2025,J  Wharton,WHA,TRIDENT,1,0.0,0.0,19.0,19,19,0,0.0,0,0.0,0,0.0,0,0.0,32.0,184.8,100.83500000000001,,,0,0.0
