series,season,driver_name,driver_code,team_name,n_races,avg_finish,best_finish,worst_finish,finish_std,wins,win_rate,podiums,podium_rate,top10_finishes,top10_rate,dnf_count,dnf_rate,dns_count,dns_rate,dsq_count,dsq_rate,total_laps,avg_kph,avg_lap_time_s,avg_time_from_winner_s,avg_best_lap_from_best_s,driver_speed_mean,team_speed_mean,team_avg_pos_season_mean,driver_vs_team_mean,driver_vs_team_best,driver_vs_team_std,lap_vs_race_avg_mean,lap_vs_race_avg_std
F3,2019,A  Deledda,DEL,Campos Racing,8,23.5,20.0,26.0,1.927248223318863,0,0.0,0,0.0,0,0.0,0,0.0,0,0.0,0,0.0,167.0,171.55575,114.615625,60.224625,1.9653749999999999,114.616,113.7624530483527,20.278,0.8533750000000005,-25.493,18.004837579602242,1.1748750000000001,1.4170301375462293
F3,2019,A  Estner,EST,Jenzer Motorsport,8,18.625,11.0,24.0,4.274091382136927,0,0.0,0,0.0,0,0.0,0,0.0,0,0.0,0,0.0,167.0,173.449625,113.39025000000001,34.94175,1.46325,113.39,112.72754608216276,15.15,0.6626250000000002,-24.831,17.95017753941249,-0.050624999999999996,0.529356195904853
F3,2019,A  Peroni,PER,Campos Racing,6,17.25,14.0,24.0,4.573474244670748,0,0.0,0,0.0,0,0.0,2,0.3333333333333333,0,0.0,0,0.0,109.0,171.646,112.25966666666666,36.26825,1.2101666666666666,112.26,113.7624530483527,20.278,-1.502833333333334,-28.2,21.462528811085303,-0.19633333333333325,1.5282727069036686
F3,2019,A  Petrov,PET,Jenzer Motorsport,1,,,,,0,0.0,0,0.0,0,0.0,1,1.0,0,0.0,0,0.0,0.0,,,,,,112.72754608216276,15.15,,,,,
F3,2019,B  Viscaal,VIS,HWA RACELAB,8,17.285714285714285,10.0,27.0,5.648430038936652,0,0.0,0,0.0,1,0.125,1,0.125,0,0.0,0,0.0,152.0,174.575125,112.783125,17.509999999999998,1.38975,112.783,114.208835491008,14.5,-1.4257500000000003,-30.168,18.69353775086078,-0.65775,1.4268546577299719
F3,2019,C  Lundgaard,LUN,ART Grand Prix,8,8.75,4.0,17.0,4.862392121462145,0,0.0,0,0.0,6,0.75,0,0.0,0,0.0,0,0.0,167.0,174.688375,112.57237500000001,17.9615,0.774,112.573,113.25568456134658,11.905,-0.6831250000000006,-25.611,17.80616814828502,-0.868375,0.6777078885057021
F3,2019,D  Beckmann,BEC,ART Grand Prix,7,13.666666666666666,6.0,28.0,8.406346808612327,0,0.0,0,0.0,3,0.42857142857142855,1,0.14285714285714285,0,0.0,0,0.0,128.0,171.69085714285714,113.54242857142857,23.477333333333334,1.3655714285714284,113.542,113.25568456134658,11.905,0.2867142857142854,-25.853,19.583808845696026,0.8581428571428571,2.838497397601498
F3,2019,D  DeFrancesco,DEF,Trident,8,15.142857142857142,9.0,21.0,4.59813626840888,0,0.0,0,0.0,1,0.125,1,0.125,0,0.0,0,0.0,159.0,170.71875,116.448375,29.207142857142856,1.387,116.448,113.57823657516536,12.579,2.8698750000000004,-26.228,26.38745448361778,3.00725,9.174764033555773
F3,2019,D  Schumacher,SCH,Campos Racing,1,20.0,20.0,20.0,,0,0.0,0,0.0,0,0.0,0,0.0,0,0.0,0,0.0,20.0,175.87,119.503,54.463,1.891,119.503,113.7624530483527,20.278,5.74,5.74,,0.764,
F3,2019,F  Drugovich,DRU,Carlin Buzz Racing,8,11.428571428571429,9.0,15.0,2.2990681342044406,0,0.0,0,0.0,4,0.5,1,0.125,0,0.0,0,0.0,159.0,173.88825,113.088,20.041857142857143,1.2309999999999999,113.088,114.91332223624627,13.9,-1.8251250000000003,-27.32,17.55090655727341,-0.35275,1.1699499073525694
F3,2019,F  Malvestiti,MAL,Jenzer Motorsport,1,23.0,23.0,23.0,,0,0.0,0,0.0,0,0.0,0,0.0,0,0.0,0,0.0,20.0,193.109,109.697,36.223,1.638,109.697,112.72754608216276,15.15,-3.031,-3.031,,0.644,
F3,2019,F  Scherer,SCH,Sauber Junior Team by Charouz,8,13.8,7.0,23.0,6.760177512462229,0,0.0,0,0.0,2,0.25,3,0.375,0,0.0,0,0.0,132.0,171.624125,114.89462499999999,24.6406,1.4068749999999999,114.895,114.0102857753432,14.824,0.8844999999999997,-25.98,18.43323567441624,1.4537499999999999,4.442262928797825
F3,2019,G  Carrara,CAR,Jenzer Motorsport,4,21.666666666666668,21.0,23.0,1.154700538379251,0,0.0,0,0.0,0,0.0,1,0.25,0,0.0,0,0.0,69.0,173.27675,110.61800000000001,40.56333333333333,1.7169999999999999,110.618,112.72754608216276,15.15,-2.1095,-24.754,23.00424948424385,-2.23475,5.076961714450879
F3,2019,J  Daruvala,DAR,Prema Racing,8,6.428571428571429,1.0,14.0,5.223572942509206,1,0.125,3,0.375,5,0.625,1,0.125,0,0.0,0,0.0,166.0,174.977125,112.403625,14.887,0.502375,112.404,112.26566403528318,5.455,0.13800000000000068,-25.09,17.884257530816633,-1.037375,0.7157174098163923
F3,2019,J  Hughes,HUG,HWA RACELAB,8,3.6,1.0,7.0,2.1908902300206643,1,0.125,3,0.375,5,0.625,3,0.375,0,0.0,0,0.0,133.0,175.15185714285715,116.10885714285713,10.531200000000002,0.767,116.109,114.208835491008,14.5,1.8999999999999992,-27.23,27.99905785319689,2.495,9.404918447280657
F3,2019,J  Vips,VIP,Hitech Grand Prix,8,9.625,1.0,21.0,7.4821215478728265,1,0.125,2,0.25,4,0.5,0,0.0,0,0.0,0,0.0,167.0,174.289875,113.056875,25.401375,0.48,113.057,112.84071430093778,10.773,0.21650000000000025,-25.608,19.403765076470524,-0.383875,1.6174540344539712
F3,2019,K  Andres,AND,HWA RACELAB,8,18.875,13.0,26.0,4.54933276112317,0,0.0,0,0.0,0,0.0,0,0.0,0,0.0,0,0.0,167.0,172.566625,113.972,46.322874999999996,1.091125,113.972,114.208835491008,14.5,-0.2368749999999995,-26.633,18.15202985451726,0.530875,1.8583262390426192
F3,2019,L  Hon Chio,HON,Jenzer Motorsport,1,21.0,21.0,21.0,,0,0.0,0,0.0,0,0.0,0,0.0,0,0.0,0,0.0,20.0,175.071,120.048,65.369,2.275,120.048,112.72754608216276,15.15,7.321,7.321,,1.309,
F3,2019,L  Lawson,LAW,MP Motorsport,8,11.125,2.0,25.0,8.271076972541984,0,0.0,2,0.25,5,0.625,0,0.0,0,0.0,0,0.0,166.0,173.817375,113.0845,18.186374999999998,1.013875,113.085,113.14871794229056,13.2,-0.06412499999999977,-22.293,17.441222388660556,-0.35637500000000005,1.4460978960637485
F3,2019,L  Pulcini,PUL,Hitech Grand Prix,8,8.75,1.0,21.0,7.005100182825979,1,0.125,2,0.25,5,0.625,0,0.0,0,0.0,0,0.0,167.0,174.8695,112.516875,16.639625,0.676,112.517,112.84071430093778,10.773,-0.3240000000000002,-25.626,18.024023801582153,-0.924125,0.6595932594085107
F3,2019,L  Sargeant,SAR,Carlin Buzz Racing,8,12.714285714285714,8.0,26.0,6.290582530372571,0,0.0,0,0.0,4,0.5,1,0.125,0,0.0,0,0.0,161.0,170.62275,115.147875,29.43542857142857,1.123375,115.148,114.91332223624627,13.9,0.23450000000000085,-16.579,16.92503410420704,1.706875,5.2703718339275785
F3,2019,L  Zendeli,ZEN,Sauber Junior Team by Charouz,8,13.5,7.0,20.0,5.244044240850759,0,0.0,0,0.0,2,0.25,1,0.125,1,0.125,0,0.0,145.0,172.79271428571428,112.99742857142857,24.871166666666667,1.1365714285714286,112.998,114.0102857753432,14.824,-1.0127142857142852,-26.752,21.230593183063963,0.31342857142857133,1.9399059991953953
F3,2019,M  Armstrong,ARM,Prema Racing,8,6.375,1.0,19.0,6.588680769753099,2,0.25,3,0.375,6,0.75,0,0.0,0,0.0,0,0.0,167.0,175.3275,112.1485,9.506875,0.2215,112.149,112.26566403528318,5.455,-0.11712499999999981,-24.459,17.72252617786189,-1.2922500000000001,0.8390919837198166
F3,2019,M  Fewtrell,FEW,ART Grand Prix,8,14.0,4.0,24.0,7.234178138070235,0,0.0,0,0.0,2,0.25,1,0.125,0,0.0,0,0.0,163.0,173.296875,113.68775,28.63242857142857,1.15875,113.688,113.25568456134658,11.905,0.43249999999999983,-26.065,19.483697691000177,0.246875,1.547706084823601
F3,2019,N  Kari,KAR,Trident,8,10.333333333333334,3.0,19.0,6.121002096606949,0,0.0,1,0.125,3,0.375,2,0.25,0,0.0,0,0.0,149.0,175.237625,111.729875,21.153333333333332,0.8718571428571428,111.73,113.57823657516536,12.579,-1.8486250000000002,-26.276,15.428426027836688,-1.7109999999999999,3.5370500622492105
F3,2019,P  Piquet,PIQ,Trident,8,11.833333333333334,2.0,27.0,9.32559202767667,0,0.0,1,0.125,3,0.375,2,0.25,0,0.0,0,0.0,162.0,174.71525,112.556625,20.7645,0.7295,112.557,113.57823657516536,12.579,-1.0217500000000002,-25.957,17.521688973954536,-0.884125,1.0506420401014664
F3,2019,R  Hyman,HYM,Sauber Junior Team by Charouz,8,17.0,13.0,25.0,4.427188724235731,0,0.0,0,0.0,0,0.0,2,0.25,0,0.0,0,0.0,142.0,176.4855714285714,114.01228571428571,33.494,1.0848571428571427,114.012,114.0102857753432,14.824,0.002142857142857097,-26.377,20.526771360255136,0.39842857142857147,1.1795171126556914
F3,2019,R  Shwartzman,SHW,Prema Racing,8,3.4285714285714284,1.0,8.0,2.2253945610567474,1,0.125,5,0.625,7,0.875,1,0.125,0,0.0,0,0.0,162.0,175.2225,112.24475,5.996,0.39025,112.245,112.26566403528318,5.455,-0.020750000000000268,-25.085,17.690840654740764,-1.196,0.7674439951646541
F3,2019,R  Verschoor,VER,MP Motorsport,8,11.875,4.0,21.0,6.642665127793212,0,0.0,0,0.0,3,0.375,0,0.0,0,0.0,0,0.0,167.0,174.4705,112.728125,21.13025,0.950625,112.728,113.14871794229056,13.2,-0.4203749999999994,-25.654,17.79031750248673,-0.71275,0.7935475051042269
F3,2019,S  Fernández,FER,Campos Racing,8,17.6,12.0,26.0,6.4265076052238514,0,0.0,0,0.0,0,0.0,3,0.375,0,0.0,0,0.0,157.0,173.664625,113.31875,42.92,1.071625,113.319,113.7624530483527,20.278,-0.4435000000000009,-28.229,18.30802903490316,-0.122125,1.5362195190513257
F3,2019,S  Laaksonen,LAA,MP Motorsport,8,20.0,18.0,24.0,2.8284271247461903,0,0.0,0,0.0,0,0.0,4,0.5,0,0.0,0,0.0,122.0,172.789875,113.633375,35.269,1.8708749999999998,113.633,113.14871794229056,13.2,0.48462499999999986,-25.35,15.133559263509127,0.19237499999999996,6.913373064214024
F3,2019,T  Natori,NAT,Carlin Buzz Racing,8,18.166666666666668,8.0,29.0,7.082843120291926,0,0.0,0,0.0,1,0.125,2,0.25,0,0.0,0,0.0,129.0,173.50685714285714,116.731,33.29183333333334,1.122,116.731,114.91332223624627,13.9,1.8180000000000003,-26.907,18.179377217055595,1.1782857142857142,2.960235278615858
F3,2019,Y  Tsunoda,TSU,Jenzer Motorsport,8,6.428571428571429,1.0,11.0,3.735288603626359,1,0.125,2,0.25,6,0.75,1,0.125,0,0.0,0,0.0,166.0,174.701625,112.5835,13.153285714285714,0.776125,112.583,112.72754608216276,15.15,-0.14425,-25.302,17.84425399113115,-0.8575,0.8702510311070348
F3,2019,Y  Yifei,YIF,Hitech Grand Prix,8,15.0,6.0,22.0,6.870225614927067,0,0.0,0,0.0,2,0.25,2,0.25,0,0.0,0,0.0,131.0,178.07871428571428,112.96385714285715,35.471333333333334,1.0055714285714286,112.964,112.84071430093778,10.773,0.1230000000000006,-28.733,20.01591244485247,-0.6501428571428571,1.6475259662669386
F3,2020,A  Deledda,DEL,Campos Racing,9,23.285714285714285,20.0,28.0,2.8115408417381915,0,0.0,0,0.0,0,0.0,2,0.2222222222222222,0,0.0,0,0.0,157.0,156.97333333333333,124.20055555555557,38.52285714285715,6.86325,124.201,115.16850141541464,17.478,9.032111111111112,-22.123,31.300414096479795,10.278444444444444,24.054283673137675
F3,2020,A  Estner,EST,Campos Racing,1,20.0,20.0,20.0,,0,0.0,0,0.0,0,0.0,0,0.0,0,0.0,0,0.0,17.0,184.26,136.699,51.647,3.354,136.699,115.16850141541464,17.478,21.53,21.53,,-1.428,
F3,2020,A  Peroni,PER,Campos Racing,9,11.25,2.0,24.0,7.959720023791217,0,0.0,2,0.2222222222222222,4,0.4444444444444444,1,0.1111111111111111,0,0.0,0,0.0,178.0,171.891,110.69188888888888,19.211125,0.8377777777777777,110.692,115.16850141541464,17.478,-4.476888888888889,-31.852,15.989909759317317,-3.2304444444444447,3.6231303147661937
F3,2020,A  Smolyar,SMO,ART Grand Prix,9,9.333333333333334,4.0,20.0,5.267826876426369,0,0.0,0,0.0,6,0.6666666666666666,0,0.0,0,0.0,0,0.0,192.0,170.48322222222222,111.29322222222223,9.522777777777778,0.719,111.293,111.36905099383188,9.333,-0.07588888888888917,-18.67,13.434395273368693,-2.629111111111111,2.187284529070489
F3,2020,B  Barnicoat,BAR,Carlin Buzz Racing,2,12.0,12.0,12.0,,0,0.0,0,0.0,0,0.0,1,0.5,0,0.0,0,0.0,30.0,169.3105,125.49,10.998,0.8535,125.49,112.38700142622928,16.273,13.1025,5.665,10.518213370149894,2.8395,4.4102249942604965
F3,2020,B  Viscaal,VIS,MP Motorsport,9,14.625,1.0,20.0,6.186101934405635,1,0.1111111111111111,1,0.1111111111111111,1,0.1111111111111111,0,0.0,0,0.0,0,0.0,192.0,169.95066666666668,111.61455555555555,15.602125000000001,0.9149999999999999,111.615,112.72042301120447,12.522,-1.1057777777777775,-19.942,13.706082169768443,-2.3076666666666665,2.5184063413198436
F3,2020,C  Das,DAS,Carlin Buzz Racing,9,19.714285714285715,11.0,25.0,5.219012860502954,0,0.0,0,0.0,0,0.0,2,0.2222222222222222,0,0.0,0,0.0,168.0,169.48566666666667,111.94822222222223,34.31342857142857,1.8754444444444447,111.948,112.38700142622928,16.273,-0.43877777777777777,-19.39,14.480126965757048,-1.9737777777777776,3.349902154458313
F3,2020,C  Novalak,NOV,Carlin Buzz Racing,9,11.375,2.0,25.0,7.26906360642729,0,0.0,2,0.2222222222222222,3,0.3333333333333333,1,0.1111111111111111,0,0.0,0,0.0,179.0,168.5758888888889,112.36455555555555,13.048625,1.076,112.365,112.38700142622928,16.273,-0.022444444444444638,-19.762,12.945258351140689,-1.5574444444444444,2.019788857226858
F3,2020,C  Williams,WIL,Jenzer Motorsport,9,18.375,14.0,25.0,4.2067123233504535,0,0.0,0,0.0,0,0.0,1,0.1111111111111111,0,0.0,0,0.0,172.0,168.327,111.016375,30.770875,1.08325,111.016,121.49808431027175,19.125,-10.48175,-28.532,14.4014755072428,-1.274875,2.7436297354052717
F3,2020,D  Beckmann,BEC,Trident,9,4.125,1.0,9.0,3.226563851175781,2,0.2222222222222222,4,0.4444444444444444,8,0.8888888888888888,1,0.1111111111111111,0,0.0,0,0.0,177.0,170.00511111111112,111.44277777777778,6.2135,0.7034444444444445,111.443,111.81270581283422,9.708,-0.36966666666666625,-19.174,13.456079871195772,-2.4793333333333334,2.5537081861481354
F3,2020,D  Hauger,HAU,Hitech Grand Prix,9,16.22222222222222,3.0,26.0,6.741249472052228,0,0.0,1,0.1111111111111111,1,0.1111111111111111,0,0.0,0,0.0,0,0.0,189.0,167.05266666666665,114.03677777777777,25.234444444444442,1.0783333333333334,114.037,112.2384644768338,10.864,1.798111111111111,-19.149,15.023025339827896,0.11433333333333334,7.203602397412006
F3,2020,D  Schumacher,SCH,Carlin Buzz Racing,3,16.5,14.0,19.0,3.5355339059327378,0,0.0,0,0.0,0,0.0,1,0.3333333333333333,0,0.0,0,0.0,47.0,188.89166666666665,114.63933333333334,34.35,1.2326666666666666,114.346,112.38700142622928,16.273,2.252333333333334,-10.129,18.485573438044415,-1.5433333333333332,1.688629720611755
F3,2020,D  Schumacher,SCH,Charouz Racing System,6,17.0,13.0,25.0,4.69041575982343,0,0.0,0,0.0,0,0.0,1,0.16666666666666666,0,0.0,0,0.0,113.0,155.0465,114.1995,24.0146,1.3135999999999999,114.346,114.37174159994417,17.955,-0.17249999999999951,-21.447,18.86666498085976,1.4073333333333329,8.724134814792047
F3,2020,E  Ahmed,AHM,Carlin Buzz Racing,3,20.0,15.0,24.0,4.58257569495584,0,0.0,0,0.0,0,0.0,0,0.0,0,0.0,0,0.0,70.0,152.69,103.48599999999999,16.063,2.1706666666666665,103.486,112.38700142622928,16.273,-8.901,-19.061,15.116628724685938,-3.2693333333333334,3.618354644494281
F3,2020,E  Fittipaldi,FIT,HWA RACELAB,9,12.222222222222221,4.0,19.0,5.262551134615648,0,0.0,0,0.0,4,0.4444444444444444,0,0.0,0,0.0,0,0.0,192.0,169.50188888888889,111.86111111111111,21.14333333333333,0.9201111111111112,111.861,115.80277714516784,14.32,-3.9413333333333327,-23.061,13.600994301888374,-2.0608888888888885,2.7033036938366934
F3,2020,F  Malvestiti,MAL,Jenzer Motorsport,9,19.857142857142858,13.0,24.0,4.450789122113495,0,0.0,0,0.0,0,0.0,2,0.2222222222222222,0,0.0,0,0.0,181.0,169.18866666666665,112.14366666666666,26.149,1.4747777777777777,112.144,121.49808431027175,19.125,-9.354333333333333,-28.425,13.810739498665523,-1.7787777777777778,2.927463781918479
F3,2020,F  Vesti,VES,PREMA Racing,9,8.285714285714286,2.0,21.0,6.129553700835696,0,0.0,1,0.1111111111111111,6,0.6666666666666666,2,0.2222222222222222,0,0.0,0,0.0,180.0,170.4831111111111,111.22533333333334,7.518142857142856,0.9295555555555555,111.225,112.56030919658724,6.85,-1.3349999999999995,-19.871,13.205588409836192,-2.697,2.4218726741924312
F3,2020,I  Fraga,FRA,Charouz Racing System,8,18.5,10.0,27.0,6.4730209330729025,0,0.0,0,0.0,1,0.125,2,0.25,0,0.0,0,0.0,134.0,165.31725,115.671375,29.629666666666665,1.3902857142857141,115.671,114.37174159994416,17.955,1.2995000000000003,-20.516,18.72889107387682,0.6823750000000002,8.466999653064834
F3,2020,J  Doohan,DOO,HWA RACELAB,9,20.75,11.0,28.0,5.775564289066729,0,0.0,0,0.0,0,0.0,1,0.1111111111111111,0,0.0,0,0.0,168.0,155.52877777777778,124.54188888888888,37.733625,1.111125,124.54199999999999,115.80277714516784,14.32,8.738999999999999,-19.396,28.160132519219438,10.619333333333334,22.525584820377027
F3,2020,J  Hughes,HUG,HWA RACELAB,9,10.25,1.0,19.0,5.849297882163783,1,0.1111111111111111,1,0.1111111111111111,5,0.5555555555555556,1,0.1111111111111111,0,0.0,0,0.0,188.0,171.02366666666666,111.00522222222223,12.185875,0.7669999999999999,111.005,115.80277714516784,14.32,-4.797666666666666,-23.296,14.43879898052466,-2.917,3.3558225519237457
F3,2020,L  Dunner,DUN,MP Motorsport,9,17.833333333333332,13.0,23.0,4.070217029430577,0,0.0,0,0.0,0,0.0,3,0.3333333333333333,0,0.0,0,0.0,129.0,160.88785714285714,115.97414285714285,19.506333333333334,1.423,115.974,112.72042301120447,12.522,3.2537142857142856,-19.853,21.737071795393582,2.6455714285714285,12.726927147550095
F3,2020,L  Lawson,LAW,Hitech Grand Prix,9,3.7142857142857144,1.0,7.0,2.627691364061218,2,0.2222222222222222,4,0.4444444444444444,7,0.7777777777777778,2,0.2222222222222222,0,0.0,0,0.0,173.0,172.032,110.20355555555555,4.279428571428572,0.8223333333333334,110.203,112.2384644768338,10.864,-2.035111111111111,-19.758,13.764793327947611,-3.718777777777778,3.3692575138217684
F3,2020,L  Pulcini,PUL,Carlin Buzz Racing,1,24.0,24.0,24.0,,0,0.0,0,0.0,0,0.0,0,0.0,0,0.0,0,0.0,22.0,151.779,110.274,33.108,1.895,110.274,112.38700142622928,16.273,-2.113,-2.113,,-0.909,
F3,2020,L  Sargeant,SAR,PREMA Racing,9,7.333333333333333,1.0,27.0,9.77070451229934,1,0.1111111111111111,2,0.2222222222222222,5,0.5555555555555556,3,0.3333333333333333,0,0.0,0,0.0,157.0,165.864125,114.450125,4.2989999999999995,0.532,114.44999999999999,112.56030919658724,6.85,1.889875,-16.492,15.345177050018961,-0.5387500000000002,5.250788940721193
F3,2020,L  Zendeli,ZEN,Trident,9,9.125,2.0,16.0,5.139135558215436,0,0.0,1,0.1111111111111111,5,0.5555555555555556,1,0.1111111111111111,0,0.0,0,0.0,171.0,169.316125,112.058625,8.132375,0.9196249999999999,112.058,111.81270581283422,9.708,0.2456250000000002,-19.149,14.278969119827945,-2.930375,2.354082225624245
F3,2020,M  Belov,BEL,Charouz Racing System,3,18.0,13.0,23.0,7.0710678118654755,0,0.0,0,0.0,0,0.0,1,0.3333333333333333,0,0.0,0,0.0,54.0,183.904,118.45933333333333,29.231499999999997,1.918,118.459,114.37174159994417,17.955,4.087666666666667,-10.022,23.057566704518788,2.276666666666667,4.087726303623241
F3,2020,M  Fewtrell,FEW,Hitech Grand Prix,6,12.0,7.0,20.0,4.847679857416329,0,0.0,0,0.0,2,0.3333333333333333,1,0.16666666666666666,0,0.0,0,0.0,110.0,162.29059999999998,110.0474,11.3586,1.134,110.04699999999998,112.23846447683381,10.863999999999999,-2.1914000000000002,-19.477,14.37008475270762,-3.0662,2.9616022183946313
F3,2020,M  Nannini,NAN,Jenzer Motorsport,9,19.22222222222222,3.0,26.0,7.429296362674223,0,0.0,1,0.1111111111111111,1,0.1111111111111111,0,0.0,0,0.0,0,0.0,173.0,154.605,140.16966666666667,33.38055555555556,4.354,140.17,121.49808431027175,19.125,18.671666666666667,-28.516,74.86663808232609,26.247333333333334,77.54616629950186
F3,2020,O  Caldwell,CAL,Trident,9,15.875,6.0,26.0,6.791538853603063,0,0.0,0,0.0,2,0.2222222222222222,1,0.1111111111111111,0,0.0,0,0.0,170.0,171.942375,111.983125,17.934874999999998,1.1555,111.983,111.81270581283422,9.708,0.17012499999999997,-18.786,14.634146238335873,-2.281625,2.5911053315690804
F3,2020,O  Piastri,PIA,PREMA Racing,9,5.0,1.0,8.0,2.5819888974716116,1,0.1111111111111111,2,0.2222222222222222,7,0.7777777777777778,2,0.2222222222222222,0,0.0,0,0.0,170.0,169.15800000000002,112.21555555555555,6.455142857142858,0.47611111111111115,112.215,112.56030919658724,6.85,-0.34500000000000014,-19.846,14.731050845068724,-1.706888888888889,4.996757109477217
F3,2020,P  Chovet,CHO,Hitech Grand Prix,2,7.0,7.0,7.0,,0,0.0,0,0.0,1,0.5,1,0.5,0,0.0,0,0.0,25.0,193.941,118.782,8.66,2.015,118.782,112.2384644768338,10.864,6.543500000000001,-8.571,21.375130888488147,-2.797,2.026568034880645
F3,2020,R  Stanek,STA,Charouz Racing System,9,18.11111111111111,8.0,24.0,4.675586713035179,0,0.0,0,0.0,1,0.1111111111111111,0,0.0,0,0.0,0,0.0,192.0,169.64822222222222,111.96877777777779,23.30111111111111,1.5553333333333332,111.969,114.37174159994417,17.955,-2.4026666666666667,-21.251,13.70579749595039,-1.9532222222222222,2.016078047706597
F3,2020,R  Verschoor,VER,MP Motorsport,9,7.111111111111111,2.0,18.0,4.8074017006186525,0,0.0,1,0.1111111111111111,8,0.8888888888888888,0,0.0,0,0.0,0,0.0,192.0,170.43533333333335,111.29555555555555,9.229333333333333,0.8836666666666667,111.296,112.72042301120447,12.522,-1.424666666666667,-20.132,13.603500413496521,-2.6265555555555555,2.2308279354934073
F3,2020,S  Fernández,FER,ART Grand Prix,9,11.88888888888889,8.0,22.0,4.314059701848262,0,0.0,0,0.0,4,0.4444444444444444,0,0.0,0,0.0,0,0.0,192.0,170.08855555555556,111.52322222222222,13.885666666666667,1.0322222222222222,111.523,111.36905099383188,9.333,0.1542222222222225,-18.54,13.675219594011807,-2.3987777777777777,2.334643643994613
F3,2020,S  Floersch,FLO,Campos Racing,8,18.428571428571427,12.0,24.0,4.577377082170635,0,0.0,0,0.0,0,0.0,1,0.125,0,0.0,0,0.0,161.0,170.442,107.352375,20.90742857142857,1.3915,107.352,115.16850141541464,17.478,-7.8161249999999995,-31.038,13.600858401875124,-3.5443750000000005,6.638479514757663
F3,2020,T  Pourchaire,POU,ART Grand Prix,9,6.777777777777778,1.0,26.0,7.512951779723097,1,0.1111111111111111,4,0.4444444444444444,8,0.8888888888888888,0,0.0,0,0.0,0,0.0,192.0,170.4078888888889,111.29055555555556,9.818111111111111,0.6675555555555556,111.291,111.36905099383188,9.333,-0.07855555555555584,-17.122,13.22982784384505,-2.6315555555555554,2.446625181301332
F3,2021,A  Cordeel,ACO,Campos Racing,7,20.333333333333332,12.0,26.0,5.819507424745384,0,0.0,0,0.0,0,0.0,1,0.14285714285714285,0,0.0,0,0.0,141.0,162.72885714285715,115.27042857142858,40.1475,3.398,115.27,115.19900174200993,20.059,0.07142857142857251,-24.749,22.498702739322127,-0.2281428571428572,2.411207265290663
F3,2021,A  Iwasa,IWA,Hitech Grand Prix,7,10.428571428571429,6.0,15.0,3.25868802112869,0,0.0,0,0.0,3,0.42857142857142855,0,0.0,0,0.0,0,0.0,144.0,164.1692857142857,114.05414285714285,20.502000000000002,3.007,114.054,115.03824389816532,13.333,-0.984,-24.637,21.701170644307034,-1.4441428571428574,2.125828264353405
F3,2021,A  Leclerc,LEC,PREMA Racing,7,9.0,2.0,13.0,4.147288270665544,0,0.0,1,0.14285714285714285,4,0.5714285714285714,1,0.14285714285714285,0,0.0,0,0.0,133.0,166.7634285714286,112.71328571428572,18.41,2.2215714285714285,112.713,113.97747928658644,7.526000000000001,-1.2638571428571421,-30.794,23.135233551364692,-2.785142857142857,3.136556467878504
F3,2021,A  Simmons,SIM,Charouz Racing System,1,21.0,21.0,21.0,,0,0.0,0,0.0,0,0.0,0,0.0,0,0.0,0,0.0,20.0,175.241,119.932,58.635,1.582,119.932,116.67111836734692,15.8,3.261,3.261,,-4.34,
F3,2021,A  Smolyar,SMO,ART Grand Prix,7,8.285714285714286,3.0,23.0,7.111359122659223,0,0.0,2,0.2857142857142857,5,0.7142857142857143,0,0.0,0,0.0,0,0.0,144.0,164.31214285714285,113.94042857142857,19.223142857142857,2.620714285714286,113.93999999999998,113.97771337353124,9.762,-0.037142857142857366,-24.192,21.528670592402833,-1.5579999999999998,1.4797957066207934
F3,2021,C  Collet,CCO,MP Motorsport,7,7.166666666666667,3.0,16.0,4.708148963941844,0,0.0,1,0.14285714285714285,5,0.7142857142857143,1,0.14285714285714285,0,0.0,0,0.0,124.0,162.69333333333333,112.78266666666667,9.532,2.720333333333333,112.783,113.95453006422925,12.526,-1.1718333333333337,-24.096,23.22610089891686,-1.254,1.2821759629629623
F3,2021,C  Novalak,NOV,Trident,7,4.333333333333333,2.0,6.0,1.505545305418162,0,0.0,2,0.2857142857142857,6,0.8571428571428571,1,0.14285714285714285,0,0.0,0,0.0,133.0,167.35685714285714,112.29157142857142,8.896333333333333,2.2515714285714283,112.292,113.33800506072603,7.526000000000001,-1.0464285714285706,-30.169,22.89039717768962,-3.2067142857142854,3.0640612327587773
F3,2021,C  Williams,WIL,Jenzer Motorsport,7,15.285714285714286,9.0,21.0,4.3094580368566735,0,0.0,0,0.0,1,0.14285714285714285,0,0.0,0,0.0,0,0.0,144.0,163.51542857142857,114.51885714285716,29.38957142857143,2.975714285714286,114.519,114.93300854462998,18.81,-0.41414285714285726,-23.897,21.909567213347472,-0.9795714285714284,2.195172343814403
F3,2021,D  Hauger,HAU,PREMA Racing,7,5.571428571428571,1.0,24.0,8.502100580780864,3,0.42857142857142855,5,0.7142857142857143,6,0.8571428571428571,0,0.0,0,0.0,0,0.0,144.0,164.43757142857143,114.08857142857143,21.404714285714288,1.812142857142857,114.088,113.97747928658644,7.526000000000001,0.1110000000000004,-24.482,21.815334637207226,-1.4100000000000001,0.9741830765655224
F3,2021,D  Schumacher,SCH,Trident,7,13.0,4.0,27.0,7.77174369109018,0,0.0,0,0.0,2,0.2857142857142857,1,0.14285714285714285,0,0.0,0,0.0,141.0,164.70328571428573,113.838,25.959666666666667,2.685142857142857,113.838,113.33800506072603,7.526000000000001,0.5000000000000008,-25.801,22.293208151064007,-1.6602857142857144,2.2631763603606405
F3,2021,E  Fittipaldi,FIT,Charouz Racing System,4,13.5,9.0,19.0,4.43471156521669,0,0.0,0,0.0,1,0.25,0,0.0,0,0.0,0,0.0,86.0,157.4855,110.7995,22.0105,4.224,110.8,116.67111836734692,15.8,-5.8717500000000005,-25.285,18.743691887761422,-0.19175,0.4033669751809965
F3,2021,F  Ugran,UGR,Jenzer Motorsport,7,23.0,19.0,27.0,3.2145502536643185,0,0.0,0,0.0,0,0.0,0,0.0,0,0.0,0,0.0,144.0,162.19142857142856,115.57971428571429,49.803714285714285,3.6514285714285712,115.58,114.93300854462998,18.81,0.646714285714285,-23.782,22.421921681799756,0.08128571428571416,2.088957851360794
F3,2021,F  Vesti,VES,ART Grand Prix,7,5.285714285714286,1.0,8.0,2.690370836538197,1,0.14285714285714285,2,0.2857142857142857,7,1.0,0,0.0,0,0.0,0,0.0,144.0,164.9997142857143,113.47357142857142,9.733285714285714,2.340857142857143,113.473,113.97771337353124,9.762,-0.5039999999999999,-23.898,21.39702938883495,-2.025,2.4563224544021085
F3,2021,H  Yeany,YEA,Charouz Racing System,2,24.5,22.0,27.0,3.5355339059327378,0,0.0,0,0.0,0,0.0,0,0.0,0,0.0,0,0.0,35.0,149.878,140.8635,54.3575,1.8944999999999999,140.864,116.67111836734692,15.8,24.192500000000003,-25.13,69.75254843014699,20.7375,28.09830216400984
F3,2021,I  Cohen,COH,Carlin Buzz,7,19.6,16.0,24.0,3.5777087639996643,0,0.0,0,0.0,0,0.0,2,0.2857142857142857,0,0.0,0,0.0,137.0,162.62385714285713,115.09514285714286,38.8694,3.5224285714285712,115.095,114.57572753591867,17.5,0.5194285714285721,-23.838,22.18598255548717,-0.4032857142857143,0.950374788225802
F3,2021,J  Correa,JCO,ART Grand Prix,7,15.714285714285714,9.0,27.0,6.2105900340811875,0,0.0,0,0.0,1,0.14285714285714285,0,0.0,0,0.0,0,0.0,144.0,163.57571428571427,114.51928571428572,29.649857142857144,2.990142857142857,114.519,113.97771337353124,9.762,0.541428571428571,-22.745,21.775933694923722,-0.9794285714285714,2.2988890691768824
F3,2021,J  Crawford,CRA,Hitech Grand Prix,7,13.285714285714286,5.0,26.0,7.158079018709924,0,0.0,0,0.0,3,0.42857142857142855,0,0.0,0,0.0,0,0.0,144.0,163.53771428571432,114.46042857142857,30.553428571428576,2.6984285714285714,114.461,115.03824389816532,13.333,-0.5775714285714288,-24.997,21.15274252397817,-1.038142857142857,3.000488595133101
F3,2021,J  Doohan,DOO,Trident,7,5.571428571428571,1.0,27.0,9.519403742832194,3,0.42857142857142855,5,0.7142857142857143,6,0.8571428571428571,0,0.0,0,0.0,0,0.0,143.0,164.20242857142856,113.88442857142856,8.187714285714287,2.0742857142857143,113.884,113.33800506072603,7.526000000000001,0.5462857142857146,-23.543,20.143166829095218,-1.6142857142857143,3.946242926898347
F3,2021,J  Edgar,EDG,Carlin Buzz,7,14.666666666666666,10.0,19.0,2.943920288775949,0,0.0,0,0.0,1,0.14285714285714285,1,0.14285714285714285,0,0.0,0,0.0,139.0,163.3097142857143,114.71957142857143,33.687333333333335,3.995142857142857,114.72,114.57572753591867,17.5,0.1439999999999995,-23.899,22.11308292240893,-0.7788571428571428,2.0899136687569517
F3,2021,J  Hoggard,HOG,Jenzer Motorsport,6,17.166666666666668,6.0,25.0,6.2742861479746574,0,0.0,0,0.0,1,0.16666666666666666,0,0.0,0,0.0,0,0.0,122.0,162.55083333333332,117.25816666666667,33.771499999999996,3.3104999999999998,117.258,114.93300854463,18.81,2.3249999999999997,-23.776,22.382228798759073,-0.9531666666666666,2.971781648551365
F3,2021,J  Hughes,HUG,Carlin Buzz,1,13.0,13.0,13.0,,0,0.0,0,0.0,0,0.0,0,0.0,0,0.0,0,0.0,20.0,130.118,121.154,8.05,5.928,121.154,114.57572753591867,17.5,6.578,6.578,,-0.316,
F3,2021,K  Frederick,FRE,Carlin Buzz,4,20.25,13.0,30.0,7.274384280931732,0,0.0,0,0.0,0,0.0,0,0.0,0,0.0,0,0.0,85.0,166.07,111.77025,44.39525,3.14975,111.77,114.57572753591867,17.5,-2.80525,-23.059,17.62205607328498,0.17149999999999999,4.411746857349516
F3,2021,L  Colombo,LCO,Campos Racing,7,17.166666666666668,11.0,29.0,6.462713568360171,0,0.0,0,0.0,0,0.0,1,0.14285714285714285,0,0.0,0,0.0,140.0,162.32199999999997,115.22414285714285,29.224999999999998,2.854142857142857,115.224,115.19900174200993,20.059,0.025142857142857227,-24.435,21.23109644231445,-0.27414285714285713,3.029975160985726
F3,2021,L  Sargeant,SAR,Charouz Racing System,7,7.333333333333333,4.0,10.0,2.1602468994692865,0,0.0,0,0.0,6,0.8571428571428571,1,0.14285714285714285,0,0.0,0,0.0,132.0,164.22357142857143,114.10642857142857,10.937,2.913857142857143,114.106,116.67111836734692,15.8,-2.5648571428571434,-26.675,21.92358178179052,-1.392,2.9094563065975056
F3,2021,L  Tóth,TOT,Campos Racing,6,23.2,21.0,26.0,1.9235384061671343,0,0.0,0,0.0,0,0.0,1,0.16666666666666666,0,0.0,0,0.0,121.0,163.4525,112.02033333333334,47.1816,2.6001666666666665,112.02,115.19900174200991,20.059,-3.1786666666666665,-23.656,22.472859227669865,-0.6893333333333334,1.934132949584042
F3,2021,M  Nannini,NAN,HWA RACELAB,7,17.714285714285715,3.0,28.0,10.094788848943889,0,0.0,1,0.14285714285714285,2,0.2857142857142857,0,0.0,0,0.0,0,0.0,144.0,161.89014285714285,115.91099999999999,52.974428571428575,1.9708571428571429,115.91099999999999,120.91748997655122,20.684,-5.006285714285715,-29.997,23.51080940556411,0.41257142857142853,3.2957110440258996
F3,2021,O  Caldwell,CAL,PREMA Racing,7,8.333333333333334,3.0,14.0,4.226897995772629,0,0.0,1,0.14285714285714285,4,0.5714285714285714,1,0.14285714285714285,0,0.0,0,0.0,126.0,163.09471428571428,115.13071428571428,16.354666666666667,3.390285714285714,115.131,113.97747928658644,7.526000000000001,1.1529999999999998,-23.343,23.018004967126636,-0.3678571428571428,4.084975374408494
F3,2021,O  Rasmussen,RAS,HWA RACELAB,7,21.428571428571427,17.0,26.0,3.505098327538656,0,0.0,0,0.0,0,0.0,0,0.0,0,0.0,0,0.0,142.0,162.78928571428574,115.08742857142856,7.533857142857142,3.2131428571428566,115.087,120.91748997655122,20.684,-5.829999999999999,-29.366,21.827698267720915,-0.41085714285714287,2.0223675423103673
F3,2021,P  Chovet,CHO,Campos Racing,1,,,,,0,0.0,0,0.0,0,0.0,1,1.0,0,0.0,0,0.0,18.0,157.523,133.593,,8.621,116.474,115.19900174200993,20.059,18.394,18.394,,1.362,
F3,2021,P  Chovet,CHO,Jenzer Motorsport,1,24.0,24.0,24.0,,0,0.0,0,0.0,0,0.0,0,0.0,0,0.0,0,0.0,22.0,169.186,99.354,38.577,0.891,116.474,114.93300854462998,18.81,-15.579,-15.579,,0.133,
F3,2021,R  Stanek,STA,Hitech Grand Prix,7,16.285714285714285,10.0,26.0,5.936168397046637,0,0.0,0,0.0,1,0.14285714285714285,0,0.0,0,0.0,0,0.0,142.0,160.83614285714287,116.60000000000001,33.028285714285715,3.3762857142857143,116.6,115.03824389816532,13.333,1.5615714285714293,-24.406,23.148644559722733,1.1015714285714284,3.636198787064263
F3,2021,R  Villagómez,VIL,HWA RACELAB,7,23.8,19.0,28.0,3.271085446759225,0,0.0,0,0.0,0,0.0,2,0.2857142857142857,0,0.0,0,0.0,118.0,144.61033333333333,133.56,36.833600000000004,3.689666666666666,133.56,120.91748997655122,20.684,12.642666666666665,-29.426,63.92957534558373,23.741833333333336,54.676444377507465
F3,2021,R  de Gerus,DEG,Charouz Racing System,4,20.25,17.0,23.0,2.4999999999999996,0,0.0,0,0.0,0,0.0,0,0.0,0,0.0,0,0.0,86.0,156.76875,111.31774999999999,32.52075,2.303,111.318,116.67111836734692,15.8,-5.35325,-25.249,19.159626029318353,0.327,0.23617789905069445
F3,2021,T  van der Helm,VAN,MP Motorsport,7,19.166666666666668,16.0,22.0,2.0412414523193148,0,0.0,0,0.0,0,0.0,1,0.14285714285714285,0,0.0,0,0.0,143.0,163.15642857142856,114.86685714285714,36.24216666666667,3.375857142857143,114.867,113.95453006422925,12.526,0.9124285714285713,-22.971,22.06655096034979,-0.6317142857142857,1.9888393360857244
F3,2021,V  Martins,MAR,MP Motorsport,7,11.428571428571429,2.0,27.0,9.997618764104828,0,0.0,1,0.14285714285714285,5,0.7142857142857143,0,0.0,0,0.0,0,0.0,144.0,164.20885714285714,114.04671428571429,23.095571428571425,2.0574285714285714,114.047,113.95453006422925,12.526,0.09228571428571376,-23.8,20.985643304525166,-1.4517142857142855,3.0749547809296165
F3,2021,Z  Chovanec,CHO,Charouz Racing System,3,22.333333333333332,20.0,24.0,2.081665999466132,0,0.0,0,0.0,0,0.0,0,0.0,0,0.0,0,0.0,58.0,170.25333333333333,120.40666666666668,57.42966666666666,2.6256666666666666,120.407,116.67111836734692,15.800000000000002,3.7350000000000017,-25.066,29.05063756615335,-1.1016666666666666,2.849214336151868
F3,2022,A  Famularo,FAM,Charouz Racing System,1,23.0,23.0,23.0,,0,0.0,0,0.0,0,0.0,0,0.0,0,0.0,0,0.0,15.0,180.869,114.893,43.109,1.518,114.893,121.78714174023489,20.913,-6.894,-6.894,,1.214,
F3,2022,A  Leclerc,LEC,PREMA Racing,9,7.111111111111111,1.0,14.0,4.910306620885412,1,0.1111111111111111,2,0.2222222222222222,6,0.6666666666666666,0,0.0,0,0.0,0,0.0,201.0,159.5342222222222,116.46288888888888,8.193111111111111,1.7085555555555554,116.463,116.49405436371018,6.556,-0.031111111111110742,-18.897,15.911389839077888,-1.911333333333333,1.657925360201719
F3,2022,A  Simmons,SIM,Charouz Racing System,1,19.0,19.0,19.0,,0,0.0,0,0.0,0,0.0,0,0.0,0,0.0,0,0.0,23.0,157.243,123.66,36.792,0.93,123.66,121.78714174023489,20.913,1.873,1.873,,-2.316,
F3,2022,A  Smolyar,SMO,MP Motorsport,8,10.142857142857142,1.0,23.0,7.267016155859556,1,0.125,1,0.125,4,0.5,1,0.125,0,0.0,0,0.0,178.0,157.408375,115.987125,13.483428571428572,2.084,115.987,117.034741826324,12.304,-1.0476250000000003,-19.258,16.79422879560969,-1.50475,1.8681597323875403
F3,2022,B  Benavides,BEN,Carlin,9,19.0,14.0,22.0,2.756809750418044,0,0.0,0,0.0,0,0.0,3,0.3333333333333333,0,0.0,0,0.0,146.0,157.45711111111112,118.34422222222221,28.207166666666666,2.123333333333333,118.344,117.8760616532725,16.957,0.4680000000000001,-25.36,17.888217707474382,-0.030000000000000186,5.887589065143728
F3,2022,C  Collet,CCO,MP Motorsport,9,11.5,4.0,26.0,7.727501906456298,0,0.0,0,0.0,5,0.5555555555555556,1,0.1111111111111111,0,0.0,0,0.0,176.0,154.38555555555556,120.90422222222222,-22.9725,1.9688750000000002,120.904,117.03474182632401,12.304,3.8696666666666655,-18.543,21.417212271908777,2.5302222222222226,11.92404419416686
F3,2022,C  Mansell,MAN,Charouz Racing System,2,23.0,23.0,23.0,0.0,0,0.0,0,0.0,0,0.0,0,0.0,0,0.0,0,0.0,42.0,150.749,134.10750000000002,41.15,7.0645,134.107,121.78714174023489,20.913,12.32,-6.786,27.019964322700353,-1.836,0.14283556979968257
F3,2022,D  Schumacher,SCH,Charouz Racing System,2,15.5,14.0,17.0,2.1213203435596424,0,0.0,0,0.0,0,0.0,0,0.0,0,0.0,0,0.0,50.0,151.73000000000002,108.549,16.236,1.1965,108.549,121.78714174023489,20.913,-13.238499999999998,-19.551,8.927223112480162,-1.1264999999999998,2.8574185027748387
F3,2022,D  Vidales,VID,Campos Racing,8,9.666666666666666,7.0,13.0,2.3380903889000244,0,0.0,0,0.0,4,0.5,2,0.25,0,0.0,0,0.0,167.0,155.238875,117.90275,16.8335,2.3835,117.903,118.69282157916206,16.545,-0.7901250000000002,-20.755,17.152611366682,-1.0582500000000001,3.8304069440651936
F3,2022,E  Trulli,TRU,Carlin,9,21.333333333333332,17.0,26.0,2.9999999999999996,0,0.0,0,0.0,0,0.0,0,0.0,0,0.0,0,0.0,200.0,157.148,118.27655555555556,35.71111111111111,1.3058888888888889,118.276,117.8760616532725,16.957,0.40055555555555594,-19.717,16.175284890158128,-0.09755555555555555,1.521896605482047
F3,2022,F  Colapinto,COL,Van Amersfoort Racing,9,10.875,3.0,22.0,6.311836952447814,0,0.0,1,0.1111111111111111,4,0.4444444444444444,1,0.1111111111111111,0,0.0,0,0.0,179.0,157.3395,116.10499999999999,21.51175,1.9905,116.10499999999999,116.69264090921641,14.0,-0.58775,-18.947,16.80182581702698,-1.386875,1.2985805918661455
F3,2022,F  Malvestiti,MAL,Jenzer Motorsport,8,21.625,13.0,26.0,4.34042460069124,0,0.0,0,0.0,0,0.0,0,0.0,0,0.0,0,0.0,176.0,156.345125,118.118625,36.3495,2.955375,118.119,118.08503178367349,15.64,0.033624999999999794,-15.74,16.61100567126248,0.69475,3.4232716076875933
F3,2022,F  Pizzi,PIZ,Charouz Racing System,9,20.142857142857142,14.0,27.0,4.525062483125562,0,0.0,0,0.0,0,0.0,2,0.2222222222222222,0,0.0,0,0.0,154.0,154.23525,119.3985,32.455714285714286,1.234,119.39899999999999,121.78714174023487,20.913,-2.388625,-19.475,16.87443036869266,1.9745000000000001,5.353217323655533
F3,2022,F  Ugran,UGR,MP Motorsport,1,18.0,18.0,18.0,,0,0.0,0,0.0,0,0.0,0,0.0,0,0.0,0,0.0,22.0,170.031,124.598,17.957,1.523,124.598,117.034741826324,12.304,7.564,7.564,,-0.835,
F3,2022,G  Saucy,SAU,ART Grand Prix,9,12.8,3.0,25.0,7.9498427657407165,0,0.0,1,0.1111111111111111,1,0.1111111111111111,4,0.4444444444444444,0,0.0,0,0.0,182.0,157.16022222222222,118.40388888888889,19.126800000000003,1.9675555555555557,118.404,119.54236629086725,9.5,-1.1385555555555553,-21.571,18.512756656634846,0.029666666666666706,3.4432145591002605
F3,2022,H  Yeany,YEA,Campos Racing,5,20.0,17.0,26.0,3.7416573867739413,0,0.0,0,0.0,0,0.0,0,0.0,0,0.0,0,0.0,108.0,162.554,117.95819999999999,37.6978,1.035,117.958,118.69282157916204,16.545,-0.7345999999999998,-5.811,5.779902706793601,-0.749,2.100617052201567
F3,2022,I  Cohen,COH,Jenzer Motorsport,9,14.375,10.0,19.0,3.3779748793788102,0,0.0,0,0.0,2,0.2222222222222222,1,0.1111111111111111,0,0.0,0,0.0,184.0,155.9681111111111,119.74177777777777,21.8755,1.186125,119.74200000000002,118.08503178367349,15.639999999999999,1.6567777777777772,-20.212,23.14193115741304,1.3675555555555556,7.86735179573011
F3,2022,I  Hadjar,HAD,Hitech Grand Prix,9,9.222222222222221,1.0,25.0,8.135996831639282,1,0.1111111111111111,3,0.3333333333333333,6,0.6666666666666666,0,0.0,0,0.0,0,0.0,201.0,159.15311111111112,116.77244444444445,14.675777777777776,0.4165555555555555,116.772,118.58528678994828,14.639999999999999,-1.8127777777777778,-21.204,16.12853748622126,-1.6016666666666666,1.2064973062547633
F3,2022,J  Correa,JCO,ART Grand Prix,8,12.571428571428571,4.0,24.0,6.972736021035618,0,0.0,0,0.0,3,0.375,1,0.125,0,0.0,0,0.0,156.0,155.0965,120.684875,19.568285714285715,0.975,120.685,119.54236629086724,9.5,1.1426250000000002,-21.653,20.754246057390624,2.2649999999999997,9.697603223772063
F3,2022,J  Crawford,CRA,PREMA Racing,9,8.222222222222221,2.0,22.0,6.704061787039588,0,0.0,2,0.2222222222222222,7,0.7777777777777778,0,0.0,0,0.0,0,0.0,201.0,159.18744444444442,116.69055555555555,13.620555555555555,1.7678888888888888,116.69,116.49405436371018,6.556,0.1964444444444448,-16.697,15.791605919847981,-1.6836666666666664,1.8068341097068097
F3,2022,J  Edgar,EDG,Trident,7,12.285714285714286,5.0,24.0,7.250615737399726,0,0.0,0,0.0,4,0.5714285714285714,0,0.0,0,0.0,0,0.0,153.0,160.18885714285716,118.447,25.23685714285714,0.5148571428571429,118.447,117.86627889721112,8.261,0.5805714285714286,-18.458,17.665165749360547,-1.1131428571428572,1.415285298514217
F3,2022,J  Martí,MAR,Campos Racing,9,20.75,13.0,29.0,5.444525428617001,0,0.0,0,0.0,0,0.0,1,0.1111111111111111,0,0.0,0,0.0,192.0,157.1688888888889,118.21633333333335,34.488,1.2715555555555556,118.217,118.69282157916206,16.545,-0.47611111111111093,-21.394,16.045811310467013,-0.15777777777777777,2.412269873883195
F3,2022,K  Frederick,FRE,Hitech Grand Prix,9,15.333333333333334,8.0,25.0,6.204836822995428,0,0.0,0,0.0,3,0.3333333333333333,0,0.0,0,0.0,0,0.0,201.0,157.99033333333333,117.50244444444444,29.32188888888889,2.2886666666666664,117.50200000000001,118.58528678994828,14.639999999999999,-1.0827777777777778,-18.261,15.557516485430584,-0.8717777777777778,2.119318450456289
F3,2022,K  Maini,MAI,MP Motorsport,9,14.571428571428571,6.0,25.0,7.091242083423346,0,0.0,0,0.0,2,0.2222222222222222,2,0.2222222222222222,0,0.0,0,0.0,181.0,157.60862500000002,112.7835,23.574,2.35625,112.784,117.03474182632401,12.304,-4.251250000000001,-17.736,8.979182984627753,-1.018875,1.9738281469194396
F3,2022,L  Tóth,TOT,Charouz Racing System,9,22.625,19.0,25.0,2.559994419636775,0,0.0,0,0.0,0,0.0,1,0.1111111111111111,0,0.0,0,0.0,176.0,149.6391111111111,128.35000000000002,29.321749999999998,2.08825,128.35,121.78714174023487,20.913,6.563000000000001,-23.551,30.21454821770466,9.976111111111113,26.254764741111494
F3,2022,L  Zendeli,ZEN,Charouz Racing System,1,16.0,16.0,16.0,,0,0.0,0,0.0,0,0.0,0,0.0,0,0.0,0,0.0,24.0,152.541,110.207,21.287,1.225,110.207,121.78714174023489,20.913,-11.58,-11.58,,-0.233,
F3,2022,N  Azman,AZM,Hitech Grand Prix,9,20.714285714285715,16.0,26.0,3.352326839390103,0,0.0,0,0.0,0,0.0,2,0.2222222222222222,0,0.0,0,0.0,169.0,154.05333333333334,121.481,30.572285714285716,7.448666666666666,121.481,118.58528678994828,14.639999999999999,2.8956666666666675,-20.575,21.258404232208964,3.106777777777778,11.45382445711669
F3,2022,N  Kari,KAR,Jenzer Motorsport,1,14.0,14.0,14.0,,0,0.0,0,0.0,0,0.0,0,0.0,0,0.0,0,0.0,23.0,157.339,123.584,35.044,0.259,123.584,118.08503178367349,15.64,5.499,5.499,,-2.392,
F3,2022,O  Bearman,BEA,PREMA Racing,9,4.333333333333333,2.0,10.0,2.449489742783178,0,0.0,5,0.5555555555555556,9,1.0,0,0.0,0,0.0,0,0.0,201.0,159.71955555555556,116.3288888888889,5.539333333333333,1.6958888888888888,116.32900000000001,116.49405436371018,6.556,-0.165111111111111,-18.917,15.880736226986176,-2.0452222222222223,1.5547399925532386
F3,2022,O  Goethe,GOE,Campos Racing,2,16.0,4.0,28.0,16.97056274847714,0,0.0,0,0.0,1,0.5,0,0.0,0,0.0,0,0.0,42.0,150.56400000000002,134.2225,46.900499999999994,0.5850000000000001,134.222,118.69282157916206,16.545,15.529500000000002,-2.464,25.44665173456029,-1.7215,1.4304770183403859
F3,2022,O  Rasmussen,RAS,Trident,2,15.0,15.0,15.0,,0,0.0,0,0.0,0,0.0,1,0.5,0,0.0,0,0.0,29.0,140.3065,123.51,18.747,20.683999999999997,123.51,117.86627889721112,8.261,5.644,-7.765,18.96318965786083,9.286000000000001,13.611805537841041
F3,2022,R  Stanek,STA,Trident,9,6.875,1.0,22.0,7.039429765866794,1,0.1111111111111111,3,0.3333333333333333,6,0.6666666666666666,1,0.1111111111111111,0,0.0,0,0.0,188.0,159.039,116.81,10.177375,1.5703333333333331,116.81,117.8662788972111,8.261,-1.0561111111111114,-20.162,16.04049973850912,-1.564,1.742895507481731
F3,2022,R  Ushijima,USH,Van Amersfoort Racing,9,14.88888888888889,10.0,22.0,4.56739653534824,0,0.0,0,0.0,3,0.3333333333333333,0,0.0,0,0.0,0,0.0,201.0,158.75133333333332,117.03722222222223,21.29288888888889,2.3040000000000003,117.037,116.69264090921641,14.0,0.3445555555555554,-18.747,15.845287967650751,-1.3368888888888888,1.3556220384425413
F3,2022,R  Villagómez,VIL,Van Amersfoort Racing,8,17.4,12.0,21.0,3.7815340802378077,0,0.0,0,0.0,0,0.0,3,0.375,0,0.0,0,0.0,146.0,156.304625,116.8925,27.2846,3.0885714285714285,116.893,116.6926409092164,14.0,0.19987499999999936,-18.694,17.579339443444887,-2.0685000000000002,2.0632004265218638
F3,2022,S  Montoya,MON,Campos Racing,1,8.0,8.0,8.0,,0,0.0,0,0.0,1,1.0,0,0.0,0,0.0,0,0.0,26.0,150.36,101.915,5.275,0.268,101.915,118.69282157916206,16.545,-16.778,-16.778,,0.573,
F3,2022,V  Martins,MAR,ART Grand Prix,9,4.75,1.0,11.0,4.06201920231798,2,0.2222222222222222,4,0.4444444444444444,7,0.7777777777777778,1,0.1111111111111111,0,0.0,0,0.0,184.0,156.40355555555556,119.66522222222223,6.24025,1.84975,119.66500000000002,119.54236629086725,9.5,0.12299999999999953,-22.031,24.7969689932056,1.2911111111111113,9.686533157487828
F3,2022,W  Alatalo,ALA,Jenzer Motorsport,9,11.125,7.0,16.0,3.48209706929603,0,0.0,0,0.0,4,0.4444444444444444,1,0.1111111111111111,0,0.0,0,0.0,178.0,160.65955555555558,115.78722222222223,17.870874999999998,2.1581111111111113,115.787,118.08503178367349,15.639999999999999,-2.297777777777778,-25.517,17.259181308638148,-2.586888888888889,2.544350037064694
F3,2022,Z  Chovanec,CHO,Charouz Racing System,2,24.0,24.0,24.0,,0,0.0,0,0.0,0,0.0,1,0.5,0,0.0,0,0.0,40.0,164.71949999999998,111.02600000000001,30.1,2.2584999999999997,111.026,121.78714174023489,20.913,-10.7615,-24.886,19.97505946173878,-0.9914999999999999,1.0019703089413377
F3,2022,Z  Maloney,MAL,Trident,9,4.857142857142857,1.0,13.0,5.11300861947808,3,0.3333333333333333,4,0.4444444444444444,5,0.5555555555555556,2,0.2222222222222222,0,0.0,0,0.0,163.0,157.85649999999998,117.13550000000001,5.362571428571428,2.7087499999999998,117.13500000000002,117.8662788972111,8.261,-0.730875,-20.227,17.15816933656219,-0.288625,3.9553399686824826
F3,2022,Z  O'Sullivan,OSU,Carlin,9,10.5,2.0,18.0,5.781744669956589,0,0.0,1,0.1111111111111111,3,0.3333333333333333,1,0.1111111111111111,0,0.0,0,0.0,199.0,158.7752222222222,117.00777777777778,14.395125,0.9628888888888889,117.00799999999998,117.8760616532725,16.957,-0.868333333333333,-19.824,15.846395575966165,-1.3664444444444444,1.882208949021808
F3,2023,A  García,GAR,Jenzer Motorsport,9,20.375,4.0,26.0,6.988510979764267,0,0.0,0,0.0,1,0.1111111111111111,1,0.1111111111111111,0,0.0,0,0.0,196.0,156.61955555555556,117.534,36.792375,2.3465555555555557,117.534,116.5931699829908,14.666999999999998,0.940777777777778,-26.874,23.360141297613,0.010777777777777726,3.4854594667625163
F3,2023,C  Collet,CCO,Van Amersfoort Racing,9,11.0,3.0,19.0,6.141195788629908,0,0.0,1,0.1111111111111111,3,0.3333333333333333,1,0.1111111111111111,0,0.0,0,0.0,190.0,157.89,116.62566666666665,19.986875,1.161,116.626,116.85182093964312,16.24,-0.2262222222222212,-29.112,22.97379330224864,-0.8975555555555554,1.8772509229662875
F3,2023,C  Mansell,MAN,Campos Racing,9,9.222222222222221,2.0,17.0,4.409585518440984,0,0.0,1,0.1111111111111111,6,0.6666666666666666,0,0.0,0,0.0,0,0.0,200.0,158.50811111111113,116.11255555555555,16.641111111111112,1.2907777777777778,116.113,116.15091628530566,10.885,-0.038444444444444455,-28.273,22.93822216362414,-1.4103333333333332,1.8427289545671115
F3,2023,D  Beganovic,BEG,PREMA Racing,9,7.444444444444445,2.0,16.0,5.637178175095921,0,0.0,4,0.4444444444444444,6,0.6666666666666666,0,0.0,0,0.0,0,0.0,200.0,158.9272222222222,115.92844444444444,10.283666666666667,0.649,115.92799999999998,116.05260925294857,7.667,-0.1241111111111116,-28.207,23.89767660487335,-1.5943333333333334,1.3247200647684023
F3,2023,F  Colapinto,COL,MP Motorsport,9,6.142857142857143,2.0,10.0,3.2877840272018797,0,0.0,2,0.2222222222222222,7,0.7777777777777778,2,0.2222222222222222,0,0.0,0,0.0,157.0,161.24475,112.46025,11.886,1.069,112.46,119.88027572665176,11.13,-7.419749999999999,-32.111,24.378544863113902,-3.044625,3.7148295841512993
F3,2023,F  Simonazzi,SIM,Carlin,2,17.5,11.0,24.0,9.192388155425117,0,0.0,0,0.0,0,0.0,0,0.0,0,0.0,0,0.0,36.0,151.8655,151.669,71.9535,1.9855,151.669,119.5955435796296,19.737,32.0735,15.257,23.78212237164715,3.0525,2.641043827731755
F3,2023,G  Bortoleto,BOR,Trident,9,4.666666666666667,1.0,11.0,3.2015621187164243,2,0.2222222222222222,3,0.3333333333333333,8,0.8888888888888888,0,0.0,0,0.0,0,0.0,200.0,158.82133333333334,115.97611111111112,11.445,0.4846666666666667,115.97600000000001,116.92273374285985,9.76,-0.9465555555555558,-29.216,23.602351371797212,-1.5467777777777778,1.4874475434261352
F3,2023,G  Minì,MIN,Hitech Pulse-Eight,9,9.714285714285714,1.0,19.0,6.77530529974568,1,0.1111111111111111,2,0.2222222222222222,4,0.4444444444444444,2,0.2222222222222222,0,0.0,0,0.0,159.0,156.25171428571429,113.77771428571428,15.301714285714285,0.838,113.77799999999999,115.74251118685405,11.8,-1.9649999999999999,-22.941,16.234288907535596,-1.2754285714285714,1.925389212353601
F3,2023,G  Saucy,SAU,ART Grand Prix,9,14.25,2.0,27.0,9.706404365896041,0,0.0,1,0.1111111111111111,4,0.4444444444444444,1,0.1111111111111111,0,0.0,0,0.0,181.0,156.5591111111111,117.0818888888889,19.814875,0.7297777777777777,117.08199999999998,117.75948918585888,16.087,-0.677555555555555,-23.947,21.934838540043504,-0.44088888888888894,3.377295939225805
F3,2023,H  Barter,BAR,Campos Racing,8,17.0,8.0,26.0,6.7612340378281335,0,0.0,0,0.0,1,0.125,0,0.0,0,0.0,0,0.0,179.0,157.72325,114.92025000000001,40.210875,1.147875,114.92,116.15091628530566,10.885,-1.2307499999999996,-28.258,24.595978096022122,-0.584875,1.9783546870713407
F3,2023,H  Yeany,YEA,Carlin,5,20.0,17.0,22.0,2.1602468994692865,0,0.0,0,0.0,0,0.0,1,0.2,0,0.0,0,0.0,108.0,153.9558,107.42999999999999,31.62125,1.7536,107.43000000000002,119.5955435796296,19.737,-12.166,-31.017,14.96402091685253,2.5312,6.608790751718502
F3,2023,I  Cohen,COH,Carlin,9,22.5,18.0,26.0,3.415650255319866,0,0.0,0,0.0,0,0.0,5,0.5555555555555556,0,0.0,0,0.0,140.0,158.456375,122.292,42.9815,2.910125,122.29199999999999,119.59554357962959,19.737,2.6964999999999995,-27.878,27.379988349157493,1.86775,6.766635981047008
F3,2023,J  Dufek,DUF,Campos Racing,1,14.0,14.0,14.0,,0,0.0,0,0.0,0,0.0,0,0.0,0,0.0,0,0.0,21.0,154.205,134.897,7.655,1.638,134.897,116.15091628530566,10.885,18.746,18.746,,1.229,
F3,2023,J  Edgar,EDG,MP Motorsport,9,13.777777777777779,1.0,27.0,8.31831980897852,1,0.1111111111111111,1,0.1111111111111111,3,0.3333333333333333,0,0.0,0,0.0,0,0.0,189.0,149.037,131.16277777777776,24.74488888888889,1.703,131.163,119.88027572665176,11.13,11.282444444444444,-32.024,54.408405667486505,13.639999999999999,42.95834064823733
F3,2023,J  Martí,MAR,Campos Racing,9,6.25,1.0,9.0,2.9640705601780613,1,0.1111111111111111,2,0.2222222222222222,8,0.8888888888888888,1,0.1111111111111111,0,0.0,0,0.0,194.0,159.73555555555558,115.20044444444446,12.36,0.7675555555555555,115.19999999999999,116.15091628530566,10.885,-0.9505555555555555,-28.11,22.979778453626956,-2.3225555555555553,1.7889550798658354
F3,2023,K  Frederick,FRE,ART Grand Prix,9,18.166666666666668,7.0,26.0,6.997618642557386,0,0.0,0,0.0,1,0.1111111111111111,3,0.3333333333333333,0,0.0,0,0.0,162.0,154.52966666666669,119.40033333333334,36.12316666666667,4.134333333333333,119.40000000000002,117.75948918585888,16.087,1.6407777777777777,-27.486,24.390506030922044,1.8773333333333335,10.031871086691654
F3,2023,L  Browning,BRO,Hitech Pulse-Eight,9,13.142857142857142,4.0,23.0,7.92524597785607,0,0.0,0,0.0,3,0.3333333333333333,2,0.2222222222222222,0,0.0,0,0.0,154.0,158.430375,117.30024999999999,30.496000000000002,0.7114285714285715,117.30000000000001,115.74251118685405,11.8,1.557749999999999,-26.6,25.095252025319166,-2.17775,6.277405372786253
F3,2023,L  Fornaroli,FOR,Trident,9,14.777777777777779,2.0,28.0,9.653726971716386,0,0.0,1,0.1111111111111111,4,0.4444444444444444,0,0.0,0,0.0,0,0.0,195.0,154.1438888888889,119.43322222222221,27.000222222222224,0.739,119.43300000000002,116.92273374285985,9.76,2.510333333333333,-28.84,22.9147962570039,1.910111111111111,7.339612139691791
F3,2023,M  Boya,BOY,MP Motorsport,9,12.714285714285714,6.0,24.0,6.499084184567487,0,0.0,0,0.0,3,0.3333333333333333,2,0.2222222222222222,0,0.0,0,0.0,162.0,159.74544444444444,115.19344444444444,27.744,1.148125,115.19300000000001,119.88027572665176,11.13,-4.687,-30.139,23.251685514172944,-2.3297777777777777,3.2312519933370165
F3,2023,M  Cresswell,CRE,PHM Racing by Charouz,2,19.5,17.0,22.0,3.5355339059327378,0,0.0,0,0.0,0,0.0,0,0.0,0,0.0,0,0.0,48.0,168.82,109.6175,18.445999999999998,1.3744999999999998,109.618,119.17063068676134,20.619,-9.5525,-30.858,30.13052705313998,-1.9405000000000001,2.0951573926557403
F3,2023,M  Esterson,EST,Carlin,2,21.0,21.0,21.0,,0,0.0,0,0.0,0,0.0,1,0.5,0,0.0,0,0.0,33.0,158.619,116.02850000000001,58.661,2.027,116.028,119.5955435796296,19.737,-3.567500000000001,-17.161,19.22411206011867,-1.9625000000000001,3.905350752493302
F3,2023,N  Bedrin,BED,Jenzer Motorsport,9,13.714285714285714,3.0,23.0,6.2373681873657185,0,0.0,1,0.1111111111111111,1,0.1111111111111111,2,0.2222222222222222,0,0.0,0,0.0,194.0,158.39555555555555,116.10333333333334,25.950285714285716,1.767111111111111,116.103,116.5931699829908,14.666999999999998,-0.4896666666666661,-28.357,22.609252558410684,-1.4196666666666669,1.6864105372061693
F3,2023,N  Tsolov,TSO,ART Grand Prix,9,16.333333333333332,11.0,25.0,4.769696007084728,0,0.0,0,0.0,0,0.0,0,0.0,0,0.0,0,0.0,200.0,157.61166666666665,116.79644444444446,29.240444444444442,1.34,116.79599999999999,117.75948918585888,16.087,-0.9633333333333327,-29.461,23.38807148419895,-0.7265555555555555,1.6180975025559423
F3,2023,O  Goethe,GOE,Trident,9,9.857142857142858,1.0,22.0,7.861903319777204,1,0.1111111111111111,2,0.2222222222222222,3,0.3333333333333333,2,0.2222222222222222,0,0.0,0,0.0,167.0,157.6335,115.163625,21.121857142857145,3.42925,115.16400000000002,116.92273374285985,9.76,-1.7589999999999995,-28.77,26.59415571135884,-0.34124999999999994,3.218375843718159
F3,2023,O  Gray,GRA,Carlin,9,18.625,14.0,27.0,4.274091382136927,0,0.0,0,0.0,0,0.0,1,0.1111111111111111,0,0.0,0,0.0,197.0,156.83355555555556,117.62277777777778,31.416,2.4266666666666667,117.62299999999999,119.59554357962959,19.737,-1.9729999999999994,-31.339,24.89398661323654,0.09988888888888882,2.411599388603155
F3,2023,P  Aron,ARO,PREMA Racing,9,8.333333333333334,3.0,25.0,6.782329983125267,0,0.0,1,0.1111111111111111,7,0.7777777777777778,0,0.0,0,0.0,0,0.0,200.0,158.34066666666666,116.23055555555555,18.284111111111113,0.7142222222222222,116.231,116.05260925294857,7.667,0.17777777777777753,-25.83,23.283531925900856,-1.2923333333333333,1.8518422584010767
F3,2023,P  Wisnicki,WIS,PHM Racing by Charouz,4,22.333333333333332,21.0,24.0,1.5275252316519463,0,0.0,0,0.0,0,0.0,1,0.25,0,0.0,0,0.0,80.0,146.80775,114.48475,42.646,2.737,114.485,119.17063068676134,20.619,-4.685749999999999,-24.534,20.53983079084798,5.554749999999999,10.952351844086579
F3,2023,R  Faria,FAR,PHM Racing by Charouz,9,23.0,19.0,27.0,3.3911649915626336,0,0.0,0,0.0,0,0.0,4,0.4444444444444444,0,0.0,0,0.0,165.0,154.29122222222225,119.65355555555556,50.9336,3.3657777777777778,119.654,119.17063068676134,20.619,0.4827777777777771,-30.829,24.71271699842906,2.130777777777778,9.244547633304967
F3,2023,R  Villagómez,VIL,Van Amersfoort Racing,9,17.555555555555557,10.0,25.0,4.18661889569349,0,0.0,0,0.0,1,0.1111111111111111,0,0.0,0,0.0,0,0.0,200.0,157.51666666666668,116.889,31.504444444444445,1.3962222222222223,116.889,116.85182093964312,16.24,0.03711111111111146,-28.57,23.56344063610217,-0.6337777777777779,1.4272243847568062
F3,2023,S  Floersch,FLO,PHM Racing by Charouz,9,17.75,7.0,23.0,5.391792704790178,0,0.0,0,0.0,1,0.1111111111111111,0,0.0,0,0.0,0,0.0,200.0,157.78044444444447,116.66822222222224,30.71875,2.2075555555555555,116.66800000000002,119.17063068676134,20.619,-2.502,-31.257,23.145833923192313,-0.8544444444444443,1.6658619473947345
F3,2023,S  Montoya,MON,Hitech Pulse-Eight,9,12.666666666666666,6.0,24.0,7.474400756359446,0,0.0,0,0.0,4,0.4444444444444444,2,0.2222222222222222,0,0.0,0,0.0,167.0,157.976375,115.90412500000001,24.46483333333333,1.714375,115.904,115.74251118685405,11.8,0.16137500000000005,-27.344,23.271483051381026,-1.65125,4.113718920531987
F3,2023,T  Barnard,BAR,Jenzer Motorsport,9,10.333333333333334,1.0,21.0,6.244997998398398,1,0.1111111111111111,2,0.2222222222222222,5,0.5555555555555556,0,0.0,0,0.0,0,0.0,200.0,158.44577777777778,116.14233333333333,17.20111111111111,1.2252222222222224,116.142,116.5931699829908,14.666999999999998,-0.4508888888888889,-28.385,22.961415186375405,-1.3805555555555555,1.740012292421458
F3,2023,T  Smith,SMI,Van Amersfoort Racing,9,20.0,12.0,29.0,5.503245795502348,0,0.0,0,0.0,0,0.0,1,0.1111111111111111,0,0.0,0,0.0,198.0,157.42244444444447,117.04077777777778,40.04525,1.7368888888888891,117.041,116.85182093964312,16.24,0.1891111111111113,-28.527,23.574039940390172,-0.482,2.11750613930633
F3,2023,W  Shin,SHI,PHM Racing by Charouz,3,23.333333333333332,17.0,28.0,5.686240703077327,0,0.0,0,0.0,0,0.0,0,0.0,0,0.0,0,0.0,54.0,150.167,137.84466666666665,49.88933333333333,2.14,137.845,119.17063068676134,20.619,18.674000000000003,-15.642,35.78874645751091,4.8886666666666665,5.626328317236147
F3,2023,Z  O'Sullivan,OSU,PREMA Racing,9,7.222222222222222,1.0,18.0,5.7397251192408545,2,0.2222222222222222,3,0.3333333333333333,6,0.6666666666666666,0,0.0,0,0.0,0,0.0,200.0,158.82044444444443,115.99877777777778,12.582555555555556,0.7204444444444444,115.999,116.05260925294857,7.667,-0.05377777777777837,-28.378,23.74066476942978,-1.524,1.4397873106816854
F3,2024,A  Dunne,DUN,MP Motorsport,10,11.555555555555555,4.0,16.0,4.585605497399202,0,0.0,0,0.0,5,0.5,1,0.1,0,0.0,0,0.0,212.0,163.3249,113.7732,14.53711111111111,8.2006,113.773,112.9389024691208,13.690000000000001,0.8341999999999998,-26.18,27.399128561973562,0.9071,4.526781452889263
F3,2024,A  Lindblad,LIN,PREMA Racing,10,6.875,1.0,16.0,5.055054048036621,2,0.2,2,0.2,6,0.6,2,0.2,0,0.0,0,0.0,216.0,165.34949999999998,112.029,10.49,5.4115,112.029,111.91523822676784,7.556,0.11389999999999952,-25.373,26.268854572372287,-0.8370000000000001,3.1600690569106944
F3,2024,C  Mansell,MAN,ART Grand Prix,10,8.1,2.0,21.0,7.504813270310076,0,0.0,4,0.4,7,0.7,0,0.0,0,0.0,0,0.0,225.0,164.9827,112.1357,16.6693,2.1037,112.136,111.73084568262334,11.115,0.4046999999999999,-25.39,25.12631469219295,-0.7304999999999999,0.8884783809037412
F3,2024,C  Shields,SHI,Hitech Pulse-Eight,10,20.625,17.0,26.0,2.7222627143085005,0,0.0,0,0.0,0,0.0,2,0.2,0,0.0,0,0.0,185.0,165.73955555555554,108.97733333333332,30.244375,1.721,108.977,110.67547071701912,14.333000000000002,-1.698,-22.935,23.43294727515086,-0.11944444444444441,1.4751957591376736
F3,2024,C  Voisin,VOI,Rodin Motorsport,10,15.0,1.0,29.0,9.962429422585638,1,0.1,2,0.2,3,0.3,1,0.1,0,0.0,0,0.0,224.0,163.83089999999999,112.6267,31.931777777777782,1.0050000000000001,112.627,113.43384212285032,19.296,-0.8070999999999995,-24.243,23.796748701590868,-0.23939999999999992,1.9432049242881664
F3,2024,C  Wurz,WUR,Jenzer Motorsport,10,17.428571428571427,5.0,27.0,7.67804538618918,0,0.0,0,0.0,1,0.1,3,0.3,0,0.0,0,0.0,170.0,163.76744444444444,118.257,24.439,2.292375,118.25700000000002,114.72065601598413,17.667,3.536555555555555,-24.002,26.547845195566776,3.785222222222222,8.566944390764098
F3,2024,D  Beganovic,BEG,PREMA Racing,10,8.4,1.0,19.0,5.18973345494095,1,0.1,2,0.2,7,0.7,0,0.0,0,0.0,0,0.0,225.0,165.0884,112.07560000000001,15.810400000000001,1.5539,112.075,111.91523822676784,7.556,0.16009999999999996,-25.591,25.084429395543363,-0.7906,0.6334470424238757
F3,2024,G  Minì,MIN,PREMA Racing,10,7.222222222222222,1.0,21.0,6.6290606004504475,1,0.1,4,0.4,6,0.6,0,0.0,0,0.0,0,0.0,225.0,165.5229,111.6414,7.6115555555555545,0.6857,111.641,111.91523822676784,7.556,-0.2739000000000003,-25.609,24.44098657060399,-1.2248,1.5850707520135778
F3,2024,J  Dufek,DUF,AIX Racing,10,19.25,10.0,27.0,5.3652319880611214,0,0.0,0,0.0,1,0.1,2,0.2,0,0.0,0,0.0,192.0,161.9736,114.3842,28.228,3.1785,114.38399999999999,113.6561968365817,18.48,0.7278999999999993,-23.386,26.549579211773246,1.5181999999999998,3.631041564681468
F3,2024,J  Hedley,HED,Jenzer Motorsport,1,22.0,22.0,22.0,,0,0.0,0,0.0,0,0.0,0,0.0,0,0.0,0,0.0,27.0,121.398,98.956,15.941,2.797,98.956,114.72065601598412,17.667,-15.764,-15.764,,0.545,
F3,2024,J  Loake,LOA,Rodin Motorsport,10,21.88888888888889,9.0,26.0,5.254627590144815,0,0.0,0,0.0,1,0.1,1,0.1,0,0.0,0,0.0,200.0,161.2488888888889,114.33711111111113,29.046,5.381666666666667,114.33700000000002,113.43384212285032,19.296,0.9031111111111111,-24.861,26.751753243686874,1.1102222222222222,1.5029525755806283
F3,2024,J  Wharton,WHA,Hitech Pulse-Eight,1,21.0,21.0,21.0,,0,0.0,0,0.0,0,0.0,0,0.0,0,0.0,0,0.0,20.0,145.001,146.091,89.767,15.293,146.091,110.67547071701912,14.333,35.416,35.416,,-0.698,
F3,2024,K  Sztuka,SZT,MP Motorsport,10,18.1,11.0,28.0,5.762908216439952,0,0.0,0,0.0,0,0.0,0,0.0,0,0.0,0,0.0,225.0,163.85049999999998,112.81779999999999,32.8909,2.8482,112.81800000000001,112.9389024691208,13.690000000000001,-0.12100000000000026,-25.877,24.866733994546923,-0.048199999999999965,0.9076727016570089
F3,2024,L  Browning,BRO,Hitech Pulse-Eight,10,6.4,1.0,20.0,5.796550698475775,2,0.2,3,0.3,8,0.8,0,0.0,0,0.0,0,0.0,225.0,165.3781,111.8895,11.9976,1.6648,111.89000000000001,110.67547071701912,14.333000000000002,1.2141999999999995,-24.434,24.885655996979466,-0.9766,0.6428117401956294
F3,2024,L  Fornaroli,FOR,Trident,10,4.4,2.0,9.0,2.4585451886114367,0,0.0,6,0.6,10,1.0,0,0.0,0,0.0,0,0.0,225.0,165.4437,111.7911,10.0604,1.6143,111.79099999999998,111.9406502744016,8.966,-0.14959999999999987,-25.303,24.819672534324685,-1.0751000000000002,0.7229644912134728
F3,2024,L  Van Hoepen,VAN,ART Grand Prix,10,11.428571428571429,8.0,15.0,2.6367367999823097,0,0.0,0,0.0,2,0.2,2,0.2,0,0.0,0,0.0,219.0,164.6828,112.1818,25.78257142857143,2.3487,112.18199999999999,111.73084568262334,11.115,0.4511000000000004,-25.108,24.92743873035406,-0.6843,1.3782886369214058
F3,2024,M  Boya,BOY,Campos Racing,10,14.625,7.0,29.0,8.087689057185266,0,0.0,0,0.0,4,0.4,2,0.2,0,0.0,0,0.0,206.0,160.25979999999998,115.575,34.90475,6.3581,115.575,114.24325700726595,11.68,1.3317000000000003,-26.887,27.174507968764484,2.7091000000000003,6.764014413710906
F3,2024,M  Esterson,EST,Jenzer Motorsport,10,17.333333333333332,7.0,24.0,5.172040216394302,0,0.0,0,0.0,1,0.1,1,0.1,0,0.0,0,0.0,217.0,161.8136,114.12570000000001,30.27366666666667,2.1982,114.126,114.72065601598413,17.667,-0.5950999999999997,-27.623,24.989164831760363,1.2594999999999998,4.360946208488857
F3,2024,M  Stenshorne,STE,Hitech Pulse-Eight,9,17.125,5.0,27.0,8.14927691796728,0,0.0,0,0.0,1,0.1111111111111111,1,0.1111111111111111,0,0.0,0,0.0,191.0,167.7837777777778,107.08955555555556,27.226375,0.715,107.09,110.67547071701912,14.333000000000002,-3.5860000000000003,-23.892,17.935002536938768,-2.0073333333333334,5.766691837613659
F3,2024,M  Zagazeta,ZAG,Jenzer Motorsport,9,17.714285714285715,14.0,22.0,2.429971585175824,0,0.0,0,0.0,0,0.0,2,0.2222222222222222,0,0.0,0,0.0,175.0,169.33488888888888,113.59688888888888,34.59314285714286,5.94,113.597,114.72065601598413,17.667,-1.1236666666666664,-27.79,26.297854323119218,-0.8752222222222222,1.6406594541355752
F3,2024,N  Bedrin,BED,AIX Racing,10,16.375,7.0,30.0,8.399617338222702,0,0.0,0,0.0,3,0.3,2,0.2,0,0.0,0,0.0,205.0,163.38709999999998,113.06289999999998,28.598,1.3867,113.06300000000002,113.6561968365817,18.48,-0.5931999999999998,-28.006,24.62319331127554,0.19690000000000002,2.107626756435884
F3,2024,N  León,LEO,Van Amersfoort Racing,10,13.4,2.0,25.0,8.448537019968473,0,0.0,1,0.1,5,0.5,0,0.0,0,0.0,0,0.0,225.0,164.1243,112.5791,28.5431,2.2387,112.579,113.12320651949418,16.0,-0.5440000000000007,-25.049,24.54152571097042,-0.2868,0.9960847576609355
F3,2024,N  Strømsted,STR,Campos Racing,1,,,,,0,0.0,0,0.0,0,0.0,1,1.0,0,0.0,0,0.0,21.0,188.505,110.827,,0.923,110.827,114.24325700726595,11.68,-3.416,-3.416,,-0.409,
F3,2024,N  Tsolov,TSO,ART Grand Prix,9,14.222222222222221,1.0,27.0,9.038497908637499,1,0.1111111111111111,1,0.1111111111111111,3,0.3333333333333333,0,0.0,0,0.0,0,0.0,210.0,165.86566666666667,106.45811111111111,27.58966666666667,2.432888888888889,106.458,111.73084568262334,11.115,-5.27288888888889,-25.216,16.867723775338245,-0.4548888888888889,0.821070557937082
F3,2024,O  Goethe,GOE,Campos Racing,9,8.11111111111111,2.0,19.0,4.935697631653616,0,0.0,1,0.1111111111111111,8,0.8888888888888888,0,0.0,0,0.0,0,0.0,203.0,162.42855555555556,112.24644444444445,14.076555555555556,1.292111111111111,112.246,114.24325700726597,11.68,-1.9971111111111108,-27.879,26.39728783153889,-0.8008888888888889,1.018895902980825
F3,2024,P  Wisnicki,WIS,Rodin Motorsport,10,21.0,5.0,25.0,6.304760106459247,0,0.0,0,0.0,1,0.1,1,0.1,0,0.0,0,0.0,206.0,162.49020000000002,113.4283,34.910555555555554,2.9989,113.428,113.43384212285032,19.296,-0.005499999999999616,-26.032,24.60148965792293,0.5622,1.934259019768437
F3,2024,S  Floersch,FLO,Van Amersfoort Racing,10,16.6,11.0,23.0,5.029910535983716,0,0.0,0,0.0,0,0.0,5,0.5,0,0.0,0,0.0,156.0,162.37380000000002,113.82039999999999,17.3584,8.155111111111111,113.81999999999998,113.12320651949418,16.0,0.6970000000000003,-26.348,26.954972276825746,0.9542999999999999,3.29410311685054
F3,2024,S  Meguetounif,MEG,Trident,10,10.555555555555555,1.0,25.0,8.501633829904566,2,0.2,2,0.2,4,0.4,1,0.1,0,0.0,0,0.0,217.0,165.5677,111.6067,22.950555555555557,1.9838,111.607,111.9406502744016,8.966,-0.33389999999999914,-24.394,25.187999013860196,-1.2592,2.004156447652395
F3,2024,S  Montoya,MON,Campos Racing,10,12.75,2.0,21.0,6.541078984824621,0,0.0,1,0.1,3,0.3,2,0.2,0,0.0,0,0.0,191.0,160.8958,115.0503,24.993375,2.2487000000000004,115.05,114.24325700726595,11.68,0.8071999999999999,-19.438,26.366949251751603,2.1843,4.853126187200256
F3,2024,S  Ramos,RAM,Trident,10,12.1,5.0,24.0,6.100091074001364,0,0.0,0,0.0,5,0.5,0,0.0,0,0.0,0,0.0,225.0,164.4731,112.424,24.3051,2.1354,112.424,111.9406502744016,8.966,0.4835999999999988,-25.139,24.863069195540245,-0.442,0.823638674824505
F3,2024,T  Inthraphuvasak,INT,AIX Racing,10,19.666666666666668,11.0,28.0,5.937171043518958,0,0.0,0,0.0,0,0.0,1,0.1,0,0.0,0,0.0,202.0,162.29233333333335,113.50644444444444,40.804,1.9165555555555553,113.50700000000002,113.6561968365817,18.48,-0.14977777777777657,-24.258,25.925958804727827,0.2797777777777778,1.10487892750493
F3,2024,T  Smith,SMI,Van Amersfoort Racing,10,18.555555555555557,4.0,27.0,7.418071028089296,0,0.0,0,0.0,1,0.1,1,0.1,0,0.0,0,0.0,202.0,162.85555555555555,112.953,28.604444444444443,1.5992222222222223,112.953,113.12320651949418,16.0,-0.17000000000000023,-25.272,25.643117751162787,-0.27355555555555555,1.6249619311780132
F3,2024,T  Taponen,TAP,ART Grand Prix,1,,,,,0,0.0,0,0.0,0,0.0,1,1.0,0,0.0,0,0.0,1.0,164.431,150.628,,,150.628,111.73084568262334,11.115,38.897,38.897,,-15.815,
F3,2024,T  Tramnitz,TRA,MP Motorsport,10,11.2,3.0,20.0,4.984420171338332,0,0.0,1,0.1,4,0.4,0,0.0,0,0.0,0,0.0,225.0,164.7631,112.2257,19.780700000000003,1.7113,112.226,112.9389024691208,13.690000000000001,-0.7132000000000007,-25.991,24.827573832334078,-0.6403000000000001,0.6040217159451582
F3,2025,A  Giusti,GIU,MP Motorsport,10,10.5,3.0,25.0,5.9113826169894,0,0.0,1,0.1,7,0.7,0,0.0,0,0.0,0,0.0,207.0,161.4356,113.745,16.0285,0.9304,113.745,115.16305777365628,11.867,-1.4180000000000001,-29.768,17.122747027792524,-1.5756999999999999,1.9888407036372835
F3,2025,B  Badoer,BAD,PREMA Racing,10,15.428571428571429,7.0,26.0,6.852180744287249,0,0.0,0,0.0,2,0.2,3,0.3,0,0.0,0,0.0,177.0,160.8255,114.01379999999999,25.024,1.0859999999999999,114.01399999999998,115.14302703325318,13.87,-1.1292000000000002,-27.917,16.871225706641603,-1.307,2.3195119697422943
F3,2025,B  Benavides,BEN,AIX Racing,8,16.2,4.0,25.0,9.311283477587825,0,0.0,0,0.0,2,0.25,3,0.375,0,0.0,0,0.0,133.0,160.503375,113.041,26.2132,3.5265,113.041,118.09299083685926,21.045,-5.052,-32.772,20.535270939810573,-0.13575000000000004,3.3985194150226237
F3,2025,B  Del Pino,DEL,MP Motorsport,10,17.0,8.0,27.0,7.2571803523590805,0,0.0,0,0.0,3,0.3,0,0.0,0,0.0,0,0.0,201.0,157.7472,117.02590000000001,30.2708,1.3997,117.026,115.16305777365628,11.867,1.8629000000000002,-29.622,15.815553768012327,1.7052000000000003,7.969394899656225
F3,2025,C  Ho,HOD,AMS Lucas Oil,10,16.666666666666668,5.0,28.0,7.211102550927978,0,0.0,0,0.0,2,0.2,1,0.1,0,0.0,0,0.0,203.0,161.5703,113.4838,25.13588888888889,1.0142,113.484,113.4836650925757,16.667,2.6645352591003756e-16,-27.834,16.371970321932,-1.8368000000000002,2.807045770121242
F3,2025,C  Voisin,VOI,Rodin Motorsport,9,11.666666666666666,2.0,19.0,6.144102863722253,0,0.0,1,0.1111111111111111,4,0.4444444444444444,0,0.0,0,0.0,0,0.0,191.0,161.56355555555555,113.26244444444445,34.897333333333336,1.6825555555555554,113.263,113.9087699920339,12.308,-0.6461111111111104,-28.615,19.014916838132926,-0.33977777777777773,3.027166281267754
F3,2025,C  Wurz,WUR,TRIDENT,10,9.375,3.0,16.0,5.2898150116183515,0,0.0,1,0.1,4,0.4,2,0.2,0,0.0,0,0.0,178.0,159.46922222222221,113.70344444444444,31.4495,1.0825555555555555,113.703,114.31535681538408,7.593000000000001,-0.6120000000000003,-29.154,19.767568066153206,-0.41722222222222227,2.5932241890057335
F3,2025,F  Barrichello,BAR,AIX Racing,1,,,,,0,0.0,0,0.0,0,0.0,1,1.0,0,0.0,0,0.0,2.0,133.788,151.722,,59.948,151.722,118.09299083685926,21.045,33.629,33.629,,25.6,
F3,2025,F  Slater,SLA,AIX Racing,1,,,,,0,0.0,0,0.0,0,0.0,1,1.0,0,0.0,0,0.0,2.0,138.73,137.247,,,134.772,118.09299083685926,21.045,19.154,19.154,,20.241,
F3,2025,F  Slater,SLA,Hitech TGR,1,26.0,26.0,26.0,,0,0.0,0,0.0,0,0.0,0,0.0,0,0.0,0,0.0,12.0,190.308,132.297,38.001,1.302,134.772,116.87923325415902,16.679,15.418,15.418,,1.069,
F3,2025,G  Xie,XIE,Hitech TGR,10,19.375,11.0,26.0,4.438065859293728,0,0.0,0,0.0,0,0.0,2,0.2,0,0.0,0,0.0,168.0,154.61690000000002,119.21520000000001,26.66425,2.686,119.215,116.87923325415902,16.679,2.3356999999999997,-31.369,22.21261879628084,3.8944,8.112305689506528
F3,2025,I  Domingues,DOM,Van Amersfoort Racing,10,18.625,6.0,29.0,7.190022849159004,0,0.0,0,0.0,1,0.1,2,0.2,0,0.0,0,0.0,187.0,158.31300000000002,116.21079999999999,33.598375000000004,1.3562,116.21099999999998,115.98854423929897,15.115,0.22250000000000014,-30.419,19.102992303417924,0.8901999999999999,4.891026018241072
F3,2025,J  Carrasquedo,CAR,Hitech TGR,2,17.5,13.0,22.0,6.363961030678928,0,0.0,0,0.0,0,0.0,0,0.0,0,0.0,0,0.0,51.0,170.393,95.4825,17.887999999999998,1.077,95.482,116.87923325415902,16.679,-21.397,-31.467,14.241130573097069,-0.449,0.44547727214752497
F3,2025,J  Dufek,DUF,Hitech TGR,4,15.0,11.0,22.0,4.96655480858378,0,0.0,0,0.0,0,0.0,0,0.0,0,0.0,0,0.0,87.0,154.54250000000002,110.14475,27.082749999999997,1.56925,110.144,116.87923325415902,16.679,-6.734999999999999,-21.95,16.83150985503083,-0.058499999999999996,0.06602272336097625
F3,2025,J  Garfias,GAR,AIX Racing,1,,,,,0,0.0,0,0.0,0,0.0,1,1.0,0,0.0,0,0.0,2.0,164.187,100.729,,4.462,100.729,118.09299083685926,21.045,-17.364,-17.364,,-5.587,
F3,2025,J  Hedley,HED,AIX Racing,5,24.4,22.0,27.0,2.073644135332772,0,0.0,0,0.0,0,0.0,0,0.0,0,0.0,0,0.0,94.0,164.0814,117.6972,42.2088,2.9206,118.28799999999998,118.09299083685926,21.045,-0.3957999999999998,-31.757,24.599036031926133,2.0851999999999995,3.742357772848555
F3,2025,J  Hedley,HED,Van Amersfoort Racing,1,17.0,17.0,17.0,,0,0.0,0,0.0,0,0.0,0,0.0,0,0.0,0,0.0,22.0,171.589,121.244,15.462,0.816,118.288,115.98854423929896,15.115,5.256,5.256,,-4.877,
F3,2025,J  Sagrera,SAG,AIX Racing,2,19.5,15.0,24.0,6.363961030678928,0,0.0,0,0.0,0,0.0,0,0.0,0,0.0,0,0.0,38.0,155.6235,123.9965,30.292,1.478,123.996,118.09299083685926,21.045,5.9035,-1.148,9.97232693507388,0.1,0.22768838354206833
F3,2025,J  Wharton,WHA,ART Grand Prix,10,16.11111111111111,6.0,28.0,6.353039517515307,0,0.0,0,0.0,1,0.1,1,0.1,0,0.0,0,0.0,204.0,159.9963,114.96549999999999,26.298222222222222,1.673,114.96599999999998,114.38655093691509,13.214000000000002,0.579,-28.934,17.737321575329986,-0.35520000000000007,3.452849283965024
F3,2025,L  Sharp,SHA,Rodin Motorsport,10,15.25,9.0,25.0,5.800246300189082,0,0.0,0,0.0,1,0.1,2,0.2,0,0.0,0,0.0,194.0,159.4595,115.23530000000001,23.349125,1.6568,115.23499999999999,113.9087699920339,12.308,1.3265999999999998,-28.426,18.32619106452111,-0.08550000000000005,5.742728798711947
F3,2025,L  Van Hoepen,VAN,ART Grand Prix,10,11.666666666666666,4.0,23.0,6.946221994724902,0,0.0,0,0.0,5,0.5,0,0.0,0,0.0,0,0.0,206.0,160.4827,114.40709999999999,19.351222222222223,1.0127000000000002,114.407,114.38655093691509,13.214000000000002,0.020500000000000185,-29.115,17.520076187366055,-0.9136,2.197361660416115
F3,2025,M  Boya,BOY,Campos Racing,10,8.5,1.0,23.0,7.337120234351713,1,0.1,4,0.4,7,0.7,0,0.0,0,0.0,0,0.0,207.0,161.8397,113.4093,10.8276,0.5878,113.40900000000002,114.35653509525801,8.786,-0.9475,-29.379,16.844191780023827,-1.9114,2.4189162954605194
F3,2025,M  Stenshorne,STE,Hitech TGR,10,12.6,1.0,26.0,7.618690467819548,1,0.1,1,0.1,5,0.5,0,0.0,0,0.0,0,0.0,206.0,159.15609999999998,115.84290000000001,39.3589,1.223,115.843,116.87923325415902,16.679,-1.0364999999999998,-31.996,19.371420525265222,0.5224,3.1649096248286988
F3,2025,M  Zagazeta,ZAG,DAMS Lucas Oil,10,20.5,15.0,29.0,4.869731585445518,0,0.0,0,0.0,0,0.0,2,0.2,0,0.0,0,0.0,192.0,156.6326,117.55199999999999,35.473625,2.2460999999999998,117.55199999999999,116.06061166942015,20.375,1.4913,-30.53,20.27235624111481,2.2313,4.14227127847084
F3,2025,N  Bedrin,BED,AIX Racing,1,4.0,4.0,4.0,,0,0.0,0,0.0,1,1.0,0,0.0,0,0.0,0,0.0,16.0,145.76,130.356,1.731,0.913,130.356,118.09299083685926,21.045,12.263,12.263,,-0.431,
F3,2025,N  Johnson,JOH,DAMS Lucas Oil,1,22.0,22.0,22.0,,0,0.0,0,0.0,0,0.0,0,0.0,0,0.0,0,0.0,26.0,181.757,85.586,18.281,1.032,119.386,116.06061166942015,20.375,-30.475,-30.475,,0.04,
F3,2025,N  Johnson,JOH,Hitech TGR,3,21.666666666666668,20.0,24.0,2.081665999466133,0,0.0,0,0.0,0,0.0,0,0.0,0,0.0,0,0.0,56.0,147.49266666666668,130.65333333333334,38.13366666666666,4.37,119.38600000000001,116.87923325415902,16.679,13.774000000000001,5.565,11.815547680916021,0.8853333333333332,5.493344730975231
F3,2025,N  Lacorte,LAC,DAMS Lucas Oil,9,20.0,15.0,25.0,3.872983346207417,0,0.0,0,0.0,0,0.0,2,0.2222222222222222,0,0.0,0,0.0,167.0,158.1888888888889,117.78966666666666,41.32085714285714,1.356111111111111,117.79000000000002,116.06061166942017,20.375,1.7287777777777775,-24.991,15.407824325466736,-0.8392222222222222,1.9181167702839272
F3,2025,N  León,LEO,PREMA Racing,10,12.125,3.0,18.0,6.0812945050493035,0,0.0,2,0.2,2,0.2,2,0.2,0,0.0,0,0.0,196.0,162.0476,113.2501,18.208625,1.0367,113.25,115.14302703325318,13.87,-1.8929000000000002,-29.774,17.550740177173914,-2.0704000000000002,2.875213468403501
F3,2025,N  Marinangeli,MAR,AIX Racing,10,24.11111111111111,19.0,27.0,2.713136766016617,0,0.0,0,0.0,0,0.0,1,0.1,0,0.0,0,0.0,190.0,157.8843,116.3836,38.75622222222222,2.7455,116.38399999999999,118.09299083685926,21.045,-1.7094,-31.773,18.65591423770072,1.0631,3.3176950315274945
F3,2025,N  Strømsted,STR,TRIDENT,10,8.6,1.0,28.0,8.016649341630622,1,0.1,3,0.3,7,0.7,0,0.0,0,0.0,0,0.0,206.0,160.4743,114.8039,13.7957,1.2071,114.804,114.31535681538408,7.593000000000001,0.48859999999999965,-29.053,18.94564835522923,-0.5167999999999999,3.588048333627133
F3,2025,N  Tsolov,TSO,Campos Racing,8,6.5,1.0,20.0,5.976143046671968,1,0.125,2,0.25,7,0.875,0,0.0,0,0.0,0,0.0,165.0,159.72375,116.237875,27.916625,1.34525,116.238,114.356535095258,8.786,1.8815,-20.398,16.939831926978666,-0.8711249999999999,3.445408100957397
F3,2025,R  Bilinski,BIL,Rodin Motorsport,10,10.333333333333334,2.0,23.0,6.284902544988267,0,0.0,1,0.1,5,0.5,1,0.1,0,0.0,0,0.0,184.0,162.0376,113.16389999999998,15.634777777777778,0.8906666666666667,113.16400000000002,113.9087699920339,12.308,-0.7449999999999994,-28.281,17.083818093935168,-2.1567999999999996,2.615133597607077
F3,2025,R  Câmara,CAM,TRIDENT,10,4.888888888888889,1.0,22.0,6.67915496983796,4,0.4,5,0.5,8,0.8,1,0.1,0,0.0,0,0.0,202.0,160.8662,114.37759999999999,21.94722222222222,0.9067000000000001,114.378,114.31535681538408,7.593000000000001,0.06229999999999993,-29.206,18.82367761358019,-0.9431999999999998,3.165038486688941
F3,2025,S  Ramos,RAM,Van Amersfoort Racing,9,15.5,1.0,27.0,8.017837257372731,1,0.1111111111111111,1,0.1111111111111111,2,0.2222222222222222,1,0.1111111111111111,0,0.0,0,0.0,161.0,154.6871111111111,117.42233333333333,28.4105,1.3095,117.422,115.98854423929896,15.115,1.433555555555556,-28.807,19.66011077735265,3.3016666666666676,12.444563742855754
F3,2025,T  Inthraphuvasak,INT,Campos Racing,10,10.9,1.0,17.0,5.021066730398145,1,0.1,1,0.1,4,0.4,0,0.0,0,0.0,0,0.0,207.0,161.3878,113.7986,18.8154,1.0678,113.799,114.35653509525801,8.786,-0.5578999999999998,-28.89,16.769828127721922,-1.5221,2.060703356192303
F3,2025,T  Naël,NAE,Van Amersfoort Racing,10,11.444444444444445,2.0,26.0,9.166666666666666,0,0.0,3,0.3,5,0.5,1,0.1,0,0.0,0,0.0,206.0,161.01590000000002,113.95039999999999,20.195222222222224,0.6505,113.95,115.98854423929897,15.115,-2.0383,-30.651,16.497031659261207,-1.3704,2.6953748945596088
F3,2025,T  Taponen,TAP,ART Grand Prix,10,12.0,3.0,20.0,7.1492035298424055,0,0.0,1,0.1,5,0.5,0,0.0,0,0.0,0,0.0,207.0,161.32620000000003,113.787,16.854400000000002,1.1427,113.787,114.38655093691509,13.214000000000002,-0.5997000000000001,-28.82,17.10001423683618,-1.5337,2.146741046848041
F3,2025,T  Tramnitz,TRA,MP Motorsport,10,8.1,2.0,18.0,5.0431471655438855,0,0.0,2,0.2,7,0.7,0,0.0,0,0.0,0,0.0,207.0,160.3994,114.7183,26.711900000000004,1.1686999999999999,114.718,115.16305777365628,11.867,-0.4449000000000004,-30.2,18.77263820002103,-0.6024999999999999,2.8313365218567714
F3,2025,U  Ugochukwu,UGO,PREMA Racing,10,14.25,2.0,27.0,8.598172563316663,0,0.0,1,0.1,3,0.3,2,0.2,0,0.0,0,0.0,174.0,156.26749999999998,118.16510000000001,41.627875,2.434,118.165,115.14302703325318,13.87,3.0219999999999994,-30.103,21.021406607974114,2.8445,5.645188024621796
